"","File","RelativePath","Folder","Date","Time","ImageQuality","DeleteFlag","Note","Chamber_1","Chamber_2","Chamber_3","Chamber_4","Frame","datetime"
"1","Affiliation 20191213 01___2019-12-13_09-38-49-5030-07-00.jpg",NA,"12/13/2019",2019-12-13,"9:38:50","Ok",FALSE,"trial start","Right","Right","Right","Right",1,2019-12-13 09:38:50
"2","Affiliation 20191213 01___2019-12-13_09-38-54-5113-07-00.jpg",NA,"12/13/2019",2019-12-13,"9:38:56","Ok",FALSE,"","Right","Right","Right","Right",2,2019-12-13 09:38:56
"3","Affiliation 20191213 01___2019-12-13_09-38-59-5005-07-00.jpg",NA,"12/13/2019",2019-12-13,"9:39:00","Ok",FALSE,"","Right","Right","Right","Neutral",3,2019-12-13 09:39:00
"4","Affiliation 20191213 01___2019-12-13_09-39-04-5248-07-00.jpg",NA,"12/13/2019",2019-12-13,"9:39:06","Ok",FALSE,"","Right","Right","Right","Unknown",4,2019-12-13 09:39:06
"5","Affiliation 20191213 01___2019-12-13_09-39-09-5011-07-00.jpg",NA,"12/13/2019",2019-12-13,"9:39:10","Ok",FALSE,"","Right","Right","Right","Left",5,2019-12-13 09:39:10
"6","Affiliation 20191213 01___2019-12-13_09-39-14-5274-07-00.jpg",NA,"12/13/2019",2019-12-13,"9:39:16","Ok",FALSE,"","Right","Right","Right","Left",6,2019-12-13 09:39:16
"7","Affiliation 20191213 01___2019-12-13_09-39-19-5187-07-00.jpg",NA,"12/13/2019",2019-12-12,"9:32:58","Ok",FALSE,"","Right","Right","Right","Left",7,2019-12-12 09:32:58
"8","Affiliation 20191213 01___2019-12-13_09-39-24-5250-07-00.jpg",NA,"12/13/2019",2019-12-13,"9:39:26","Ok",FALSE,"","Right","Right","Right","Left",8,2019-12-13 09:39:26
"9","Affiliation 20191213 01___2019-12-13_09-39-29-5163-07-00.jpg",NA,"12/13/2019",2019-12-13,"9:39:30","Ok",FALSE,"","Right","Right","Right","Left",9,2019-12-13 09:39:30
"10","Affiliation 20191213 01___2019-12-13_09-39-34-5105-07-00.jpg",NA,"12/13/2019",2019-12-13,"9:39:36","Ok",FALSE,"","Right","Right","Right","Left",10,2019-12-13 09:39:36
"11","Affiliation 20191213 01___2019-12-13_09-39-39-5198-07-00.jpg",NA,"12/13/2019",2019-12-13,"9:39:40","Ok",FALSE,"","Right","Right","Right","Left",11,2019-12-13 09:39:40
"12","Affiliation 20191213 01___2019-12-13_09-39-44-5081-07-00.jpg",NA,"12/13/2019",2019-12-13,"9:39:46","Ok",FALSE,"","Right","Right","Right","Right",12,2019-12-13 09:39:46
"13","Affiliation 20191213 01___2019-12-13_09-39-49-5354-07-00.jpg",NA,"12/13/2019",2019-12-13,"9:39:50","Ok",FALSE,"","Right","Right","Right","Left",13,2019-12-13 09:39:50
"14","Affiliation 20191213 01___2019-12-13_09-39-54-5147-07-00.jpg",NA,"12/13/2019",2019-12-13,"9:39:56","Ok",FALSE,"","Right","Right","Right","Neutral",14,2019-12-13 09:39:56
"15","Affiliation 20191213 01___2019-12-13_09-39-59-5350-07-00.jpg",NA,"12/13/2019",2019-12-13,"9:40:00","Ok",FALSE,"","Right","Right","Right","Neutral",15,2019-12-13 09:40:00
"16","Affiliation 20191213 01___2019-12-13_09-40-04-5273-07-00.jpg",NA,"12/13/2019",2019-12-13,"9:40:06","Ok",FALSE,"","Right","Right","Right","Neutral",16,2019-12-13 09:40:06
"17","Affiliation 20191213 01___2019-12-13_09-40-09-5465-07-00.jpg",NA,"12/13/2019",2019-12-13,"9:40:10","Ok",FALSE,"","Right","Right","Right","Neutral",17,2019-12-13 09:40:10
"18","Affiliation 20191213 01___2019-12-13_09-40-14-5268-07-00.jpg",NA,"12/13/2019",2019-12-13,"9:40:16","Ok",FALSE,"","Right","Right","Right","Neutral",18,2019-12-13 09:40:16
"19","Affiliation 20191213 01___2019-12-13_09-40-19-5161-07-00.jpg",NA,"12/13/2019",2019-12-13,"9:40:20","Ok",FALSE,"","Right","Right","Right","Neutral",19,2019-12-13 09:40:20
"20","Affiliation 20191213 01___2019-12-13_09-40-24-5424-07-00.jpg",NA,"12/13/2019",2019-12-13,"9:40:26","Ok",FALSE,"","Right","Right","Right","Neutral",20,2019-12-13 09:40:26
"21","Affiliation 20191213 01___2019-12-13_09-40-29-5187-07-00.jpg",NA,"12/13/2019",2019-12-13,"9:40:30","Ok",FALSE,"","Right","Right","Right","Neutral",21,2019-12-13 09:40:30
"22","Affiliation 20191213 01___2019-12-13_09-40-34-5080-07-00.jpg",NA,"12/13/2019",2019-12-13,"9:40:36","Ok",FALSE,"","Right","Right","Right","Neutral",22,2019-12-13 09:40:36
"23","Affiliation 20191213 01___2019-12-13_09-40-39-5313-07-00.jpg",NA,"12/13/2019",2019-12-13,"9:40:40","Ok",FALSE,"","Right","Right","Right","Neutral",23,2019-12-13 09:40:40
"24","Affiliation 20191213 01___2019-12-13_09-40-44-5105-07-00.jpg",NA,"12/13/2019",2019-12-13,"9:40:46","Ok",FALSE,"","Right","Right","Neutral","Left",24,2019-12-13 09:40:46
"25","Affiliation 20191213 01___2019-12-13_09-40-49-5308-07-00.jpg",NA,"12/13/2019",2019-12-13,"9:40:50","Ok",FALSE,"","Right","Right","Neutral","Left",25,2019-12-13 09:40:50
"26","Affiliation 20191213 01___2019-12-13_09-40-54-5081-07-00.jpg",NA,"12/13/2019",2019-12-13,"9:40:56","Ok",FALSE,"","Right","Right","Neutral","Left",26,2019-12-13 09:40:56
"27","Affiliation 20191213 01___2019-12-13_09-40-59-5334-07-00.jpg",NA,"12/13/2019",2019-12-13,"9:41:00","Ok",FALSE,"","Right","Right","Neutral","Left",27,2019-12-13 09:41:00
"28","Affiliation 20191213 01___2019-12-13_09-41-04-5237-07-00.jpg",NA,"12/13/2019",2019-12-13,"9:41:06","Ok",FALSE,"","Right","Right","Left","Left",28,2019-12-13 09:41:06
"29","Affiliation 20191213 01___2019-12-13_09-41-09-5470-07-00.jpg",NA,"12/13/2019",2019-12-13,"9:41:10","Ok",FALSE,"","Right","Right","Left","Left",29,2019-12-13 09:41:10
"30","Affiliation 20191213 01___2019-12-13_09-41-14-5263-07-00.jpg",NA,"12/13/2019",2019-12-13,"9:41:16","Ok",FALSE,"","Right","Right","Left","Left",30,2019-12-13 09:41:16
"31","Affiliation 20191213 01___2019-12-13_09-41-19-5145-07-00.jpg",NA,"12/13/2019",2019-12-13,"9:41:20","Ok",FALSE,"","Right","Right","Left","Left",31,2019-12-13 09:41:20
"32","Affiliation 20191213 01___2019-12-13_09-41-24-5378-07-00.jpg",NA,"12/13/2019",2019-12-13,"9:41:26","Ok",FALSE,"","Right","Right","Left","Left",32,2019-12-13 09:41:26
"33","Affiliation 20191213 01___2019-12-13_09-41-29-5181-07-00.jpg",NA,"12/13/2019",2019-12-13,"9:41:30","Ok",FALSE,"","Right","Right","Left","Left",33,2019-12-13 09:41:30
"34","Affiliation 20191213 01___2019-12-13_09-41-34-5094-07-00.jpg",NA,"12/13/2019",2019-12-13,"9:41:36","Ok",FALSE,"","Right","Right","Left","Left",34,2019-12-13 09:41:36
"35","Affiliation 20191213 01___2019-12-13_09-41-39-5337-07-00.jpg",NA,"12/13/2019",2019-12-13,"9:41:40","Ok",FALSE,"","Right","Right","Left","Left",35,2019-12-13 09:41:40
"36","Affiliation 20191213 01___2019-12-13_09-41-44-5100-07-00.jpg",NA,"12/13/2019",2019-12-13,"9:41:46","Ok",FALSE,"","Right","Right","Left","Left",36,2019-12-13 09:41:46
"37","Affiliation 20191213 01___2019-12-13_09-41-49-5303-07-00.jpg",NA,"12/13/2019",2019-12-13,"9:41:50","Ok",FALSE,"","Right","Right","Right","Left",37,2019-12-13 09:41:50
"38","Affiliation 20191213 01___2019-12-13_09-41-54-5265-07-00.jpg",NA,"12/13/2019",2019-12-13,"9:41:56","Ok",FALSE,"","Right","Right","Right","Left",38,2019-12-13 09:41:56
"39","Affiliation 20191213 01___2019-12-13_09-41-59-5328-07-00.jpg",NA,"12/13/2019",2019-12-13,"9:42:00","Ok",FALSE,"","Right","Right","Right","Left",39,2019-12-13 09:42:00
"40","Affiliation 20191213 01___2019-12-13_09-42-04-5231-07-00.jpg",NA,"12/13/2019",2019-12-13,"9:42:06","Ok",FALSE,"","Right","Right","Right","Left",40,2019-12-13 09:42:06
"41","Affiliation 20191213 01___2019-12-13_09-42-09-5144-07-00.jpg",NA,"12/13/2019",2019-12-13,"9:42:10","Ok",FALSE,"","Right","Right","Right","Left",41,2019-12-13 09:42:10
"42","Affiliation 20191213 01___2019-12-13_09-42-14-5247-07-00.jpg",NA,"12/13/2019",2019-12-13,"9:42:16","Ok",FALSE,"","Right","Right","Right","Left",42,2019-12-13 09:42:16
"43","Affiliation 20191213 01___2019-12-13_09-42-19-5150-07-00.jpg",NA,"12/13/2019",2019-12-13,"9:42:20","Ok",FALSE,"","Right","Right","Right","Left",43,2019-12-13 09:42:20
"44","Affiliation 20191213 01___2019-12-13_09-42-24-5523-07-00.jpg",NA,"12/13/2019",2019-12-13,"9:42:26","Ok",FALSE,"","Right","Right","Right","Left",44,2019-12-13 09:42:26
"45","Affiliation 20191213 01___2019-12-13_09-42-29-5176-07-00.jpg",NA,"12/13/2019",2019-12-13,"9:42:30","Ok",FALSE,"","Right","Right","Right","Left",45,2019-12-13 09:42:30
"46","Affiliation 20191213 01___2019-12-13_09-42-34-5408-07-00.jpg",NA,"12/13/2019",2019-12-13,"9:42:36","Ok",FALSE,"","Right","Right","Right","Neutral",46,2019-12-13 09:42:36
"47","Affiliation 20191213 01___2019-12-13_09-42-39-5341-07-00.jpg",NA,"12/13/2019",2019-12-13,"9:42:40","Ok",FALSE,"","Right","Right","Right","Right",47,2019-12-13 09:42:40
"48","Affiliation 20191213 01___2019-12-13_09-42-44-5384-07-00.jpg",NA,"12/13/2019",2019-12-13,"9:42:46","Ok",FALSE,"","Right","Right","Right","Right",48,2019-12-13 09:42:46
"49","Affiliation 20191213 01___2019-12-13_09-42-49-5307-07-00.jpg",NA,"12/13/2019",2019-12-13,"9:42:50","Ok",FALSE,"","Right","Right","Right","Right",49,2019-12-13 09:42:50
"50","Affiliation 20191213 01___2019-12-13_09-42-54-5250-07-00.jpg",NA,"12/13/2019",2019-12-13,"9:42:56","Ok",FALSE,"","Right","Right","Neutral","Neutral",50,2019-12-13 09:42:56
"51","Affiliation 20191213 01___2019-12-13_09-42-59-5323-07-00.jpg",NA,"12/13/2019",2019-12-13,"9:43:00","Ok",FALSE,"","Right","Right","Neutral","Left",51,2019-12-13 09:43:00
"52","Affiliation 20191213 01___2019-12-13_09-43-04-5226-07-00.jpg",NA,"12/13/2019",2019-12-13,"9:43:06","Ok",FALSE,"","Right","Right","Left","Left",52,2019-12-13 09:43:06
"53","Affiliation 20191213 01___2019-12-13_09-43-09-5148-07-00.jpg",NA,"12/13/2019",2019-12-13,"9:43:10","Ok",FALSE,"","Right","Right","Left","Right",53,2019-12-13 09:43:10
"54","Affiliation 20191213 01___2019-12-13_09-43-14-5261-07-00.jpg",NA,"12/13/2019",2019-12-13,"9:43:16","Ok",FALSE,"","Right","Right","Left","Right",54,2019-12-13 09:43:16
"55","Affiliation 20191213 01___2019-12-13_09-43-19-5174-07-00.jpg",NA,"12/13/2019",2019-12-13,"9:43:20","Ok",FALSE,"","Right","Right","Right","Right",55,2019-12-13 09:43:20
"56","Affiliation 20191213 01___2019-12-13_09-43-24-5397-07-00.jpg",NA,"12/13/2019",2019-12-13,"9:43:26","Ok",FALSE,"","Right","Right","Right","Left",56,2019-12-13 09:43:26
"57","Affiliation 20191213 01___2019-12-13_09-43-29-5180-07-00.jpg",NA,"12/13/2019",2019-12-13,"9:43:30","Ok",FALSE,"","Right","Right","Right","Left",57,2019-12-13 09:43:30
"58","Affiliation 20191213 01___2019-12-13_09-43-34-5403-07-00.jpg",NA,"12/13/2019",2019-12-13,"9:43:36","Ok",FALSE,"","Neutral","Right","Neutral","Left",58,2019-12-13 09:43:36
"59","Affiliation 20191213 01___2019-12-13_09-43-39-5306-07-00.jpg",NA,"12/13/2019",2019-12-13,"9:43:40","Ok",FALSE,"","Left","Right","Left","Left",59,2019-12-13 09:43:40
"60","Affiliation 20191213 01___2019-12-13_09-43-44-5568-07-00.jpg",NA,"12/13/2019",2019-12-13,"9:43:46","Ok",FALSE,"","Left","Right","Left","Right",60,2019-12-13 09:43:46
"61","Affiliation 20191213 01___2019-12-13_09-43-49-5311-07-00.jpg",NA,"12/13/2019",2019-12-13,"9:43:50","Ok",FALSE,"","Left","Right","Neutral","Right",61,2019-12-13 09:43:50
"62","Affiliation 20191213 01___2019-12-13_09-43-54-5224-07-00.jpg",NA,"12/13/2019",2019-12-13,"9:43:56","Ok",FALSE,"","Neutral","Right","Neutral","Left",62,2019-12-13 09:43:56
"63","Affiliation 20191213 01___2019-12-13_09-43-59-5457-07-00.jpg",NA,"12/13/2019",2019-12-13,"9:44:00","Ok",FALSE,"","Right","Right","Neutral","Left",63,2019-12-13 09:44:00
"64","Affiliation 20191213 01___2019-12-13_09-44-04-5250-07-00.jpg",NA,"12/13/2019",2019-12-13,"9:44:06","Ok",FALSE,"","Right","Right","Neutral","Right",64,2019-12-13 09:44:06
"65","Affiliation 20191213 01___2019-12-13_09-44-09-5463-07-00.jpg",NA,"12/13/2019",2019-12-13,"9:44:10","Ok",FALSE,"","Right","Right","Neutral","Right",65,2019-12-13 09:44:10
"66","Affiliation 20191213 01___2019-12-13_09-44-14-5406-07-00.jpg",NA,"12/13/2019",2019-12-13,"9:44:16","Ok",FALSE,"","Neutral","Right","Right","Right",66,2019-12-13 09:44:16
"67","Affiliation 20191213 01___2019-12-13_09-44-19-5468-07-00.jpg",NA,"12/13/2019",2019-12-13,"9:44:20","Ok",FALSE,"","Left","Right","Right","Left",67,2019-12-13 09:44:20
"68","Affiliation 20191213 01___2019-12-13_09-44-24-5411-07-00.jpg",NA,"12/13/2019",2019-12-13,"9:44:26","Ok",FALSE,"","Neutral","Right","Right","Left",68,2019-12-13 09:44:26
"69","Affiliation 20191213 01___2019-12-13_09-44-29-5644-07-00.jpg",NA,"12/13/2019",2019-12-13,"9:44:30","Ok",FALSE,"","Right","Right","Right","Right",69,2019-12-13 09:44:30
"70","Affiliation 20191213 01___2019-12-13_09-44-34-5397-07-00.jpg",NA,"12/13/2019",2019-12-13,"9:44:36","Ok",FALSE,"","Neutral","Right","Neutral","Right",70,2019-12-13 09:44:36
"71","Affiliation 20191213 01___2019-12-13_09-44-39-5400-07-00.jpg",NA,"12/13/2019",2019-12-13,"9:44:40","Ok",FALSE,"","Left","Right","Neutral","Right",71,2019-12-13 09:44:40
"72","Affiliation 20191213 01___2019-12-13_09-44-44-5533-07-00.jpg",NA,"12/13/2019",2019-12-13,"9:44:46","Ok",FALSE,"","Left","Right","Neutral","Left",72,2019-12-13 09:44:46
"73","Affiliation 20191213 01___2019-12-13_09-44-49-5326-07-00.jpg",NA,"12/13/2019",2019-12-13,"9:44:50","Ok",FALSE,"","Left","Right","Neutral","Right",73,2019-12-13 09:44:50
"74","Affiliation 20191213 01___2019-12-13_09-44-54-5218-07-00.jpg",NA,"12/13/2019",2019-12-13,"9:44:56","Ok",FALSE,"","Left","Right","Left","Right",74,2019-12-13 09:44:56
"75","Affiliation 20191213 01___2019-12-13_09-44-59-5491-07-00.jpg",NA,"12/13/2019",2019-12-13,"9:45:00","Ok",FALSE,"","Right","Right","Left","Left",75,2019-12-13 09:45:00
"76","Affiliation 20191213 01___2019-12-13_09-45-04-5244-07-00.jpg",NA,"12/13/2019",2019-12-13,"9:45:06","Ok",FALSE,"","Neutral","Neutral","Left","Left",76,2019-12-13 09:45:06
"77","Affiliation 20191213 01___2019-12-13_09-45-09-5457-07-00.jpg",NA,"12/13/2019",2019-12-13,"9:45:10","Ok",FALSE,"","Left","Left","Left","Right",77,2019-12-13 09:45:10
"78","Affiliation 20191213 01___2019-12-13_09-45-14-5380-07-00.jpg",NA,"12/13/2019",2019-12-13,"9:45:16","Ok",FALSE,"","Left","Right","Left","Right",78,2019-12-13 09:45:16
"79","Affiliation 20191213 01___2019-12-13_09-45-19-5453-07-00.jpg",NA,"12/13/2019",2019-12-13,"9:45:20","Ok",FALSE,"","Right","Right","Left","Left",79,2019-12-13 09:45:20
"80","Affiliation 20191213 01___2019-12-13_09-45-24-5376-07-00.jpg",NA,"12/13/2019",2019-12-13,"9:45:26","Ok",FALSE,"","Right","Right","Left","Left",80,2019-12-13 09:45:26
"81","Affiliation 20191213 01___2019-12-13_09-45-29-5308-07-00.jpg",NA,"12/13/2019",2019-12-13,"9:45:30","Ok",FALSE,"","Right","Right","Left","Right",81,2019-12-13 09:45:30
"82","Affiliation 20191213 01___2019-12-13_09-45-34-5411-07-00.jpg",NA,"12/13/2019",2019-12-13,"9:45:36","Ok",FALSE,"","Right","Right","Left","Left",82,2019-12-13 09:45:36
"83","Affiliation 20191213 01___2019-12-13_09-45-39-5324-07-00.jpg",NA,"12/13/2019",2019-12-13,"9:45:40","Ok",FALSE,"","Neutral","Right","Left","Left",83,2019-12-13 09:45:40
"84","Affiliation 20191213 01___2019-12-13_09-45-44-5537-07-00.jpg",NA,"12/13/2019",2019-12-13,"9:45:46","Ok",FALSE,"","Left","Left","Left","Right",84,2019-12-13 09:45:46
"85","Affiliation 20191213 01___2019-12-13_09-45-49-5330-07-00.jpg",NA,"12/13/2019",2019-12-13,"9:45:50","Ok",FALSE,"","Neutral","Left","Left","Left",85,2019-12-13 09:45:50
"86","Affiliation 20191213 01___2019-12-13_09-45-54-5563-07-00.jpg",NA,"12/13/2019",2019-12-13,"9:45:56","Ok",FALSE,"","Right","Left","Left","Right",86,2019-12-13 09:45:56
"87","Affiliation 20191213 01___2019-12-13_09-45-59-5486-07-00.jpg",NA,"12/13/2019",2019-12-13,"9:46:00","Ok",FALSE,"","Right","Left","Neutral","Right",87,2019-12-13 09:46:00
"88","Affiliation 20191213 01___2019-12-13_09-46-04-5539-07-00.jpg",NA,"12/13/2019",2019-12-13,"9:46:06","Ok",FALSE,"","Right","Left","Right","Right",88,2019-12-13 09:46:06
"89","Affiliation 20191213 01___2019-12-13_09-46-09-5481-07-00.jpg",NA,"12/13/2019",2019-12-13,"9:46:10","Ok",FALSE,"","Right","Neutral","Right","Right",89,2019-12-13 09:46:10
"90","Affiliation 20191213 01___2019-12-13_09-46-14-5404-07-00.jpg",NA,"12/13/2019",2019-12-13,"9:46:16","Ok",FALSE,"","Right","Left","Right","Left",90,2019-12-13 09:46:16
"91","Affiliation 20191213 01___2019-12-13_09-46-19-5457-07-00.jpg",NA,"12/13/2019",2019-12-13,"9:46:20","Ok",FALSE,"","Neutral","Left","Right","Right",91,2019-12-13 09:46:20
"92","Affiliation 20191213 01___2019-12-13_09-46-24-5370-07-00.jpg",NA,"12/13/2019",2019-12-13,"9:46:26","Ok",FALSE,"","Left","Right","Right","Right",92,2019-12-13 09:46:26
"93","Affiliation 20191213 01___2019-12-13_09-46-29-5293-07-00.jpg",NA,"12/13/2019",2019-12-13,"9:46:30","Ok",FALSE,"","Left","Right","Right","Left",93,2019-12-13 09:46:30
"94","Affiliation 20191213 01___2019-12-13_09-46-34-5386-07-00.jpg",NA,"12/13/2019",2019-12-13,"9:46:36","Ok",FALSE,"","Right","Right","Neutral","Right",94,2019-12-13 09:46:36
"95","Affiliation 20191213 01___2019-12-13_09-46-39-5279-07-00.jpg",NA,"12/13/2019",2019-12-13,"9:46:40","Ok",FALSE,"","Right","Right","Neutral","Left",95,2019-12-13 09:46:40
"96","Affiliation 20191213 01___2019-12-13_09-46-44-5571-07-00.jpg",NA,"12/13/2019",2019-12-13,"9:46:46","Ok",FALSE,"","Right","Right","Left","Right",96,2019-12-13 09:46:46
"97","Affiliation 20191213 01___2019-12-13_09-46-49-5324-07-00.jpg",NA,"12/13/2019",2019-12-13,"9:46:50","Ok",FALSE,"","Right","Right","Left","Left",97,2019-12-13 09:46:50
"98","Affiliation 20191213 01___2019-12-13_09-46-54-5557-07-00.jpg",NA,"12/13/2019",2019-12-13,"9:46:56","Ok",FALSE,"","Left","Right","Left","Right",98,2019-12-13 09:46:56
"99","Affiliation 20191213 01___2019-12-13_09-46-59-5480-07-00.jpg",NA,"12/13/2019",2019-12-13,"9:47:00","Ok",FALSE,"","Left","Right","Left","Right",99,2019-12-13 09:47:00
"100","Affiliation 20191213 01___2019-12-13_09-47-04-5693-07-00.jpg",NA,"12/13/2019",2019-12-13,"9:47:06","Ok",FALSE,"","Left","Right","Neutral","Left",100,2019-12-13 09:47:06
"101","Affiliation 20191213 01___2019-12-13_09-47-09-5476-07-00.jpg",NA,"12/13/2019",2019-12-13,"9:47:10","Ok",FALSE,"","Left","Right","Right","Right",101,2019-12-13 09:47:10
"102","Affiliation 20191213 01___2019-12-13_09-47-14-5369-07-00.jpg",NA,"12/13/2019",2019-12-13,"9:47:16","Ok",FALSE,"","Right","Right","Right","Left",102,2019-12-13 09:47:16
"103","Affiliation 20191213 01___2019-12-13_09-47-19-5601-07-00.jpg",NA,"12/13/2019",2019-12-13,"9:47:20","Ok",FALSE,"","Right","Right","Right","Left",103,2019-12-13 09:47:20
"104","Affiliation 20191213 01___2019-12-13_09-47-24-5394-07-00.jpg",NA,"12/13/2019",2019-12-13,"9:47:26","Ok",FALSE,"","Right","Right","Right","Left",104,2019-12-13 09:47:26
"105","Affiliation 20191213 01___2019-12-13_09-47-29-5297-07-00.jpg",NA,"12/13/2019",2019-12-13,"9:47:30","Ok",FALSE,"","Right","Right","Right","Right",105,2019-12-13 09:47:30
"106","Affiliation 20191213 01___2019-12-13_09-47-34-5560-07-00.jpg",NA,"12/13/2019",2019-12-13,"9:47:36","Ok",FALSE,"","Right","Right","Right","Left",106,2019-12-13 09:47:36
"107","Affiliation 20191213 01___2019-12-13_09-47-39-5313-07-00.jpg",NA,"12/13/2019",2019-12-13,"9:47:40","Ok",FALSE,"","Neutral","Right","Right","Left",107,2019-12-13 09:47:40
"108","Affiliation 20191213 01___2019-12-13_09-47-44-5526-07-00.jpg",NA,"12/13/2019",2019-12-13,"9:47:46","Ok",FALSE,"","Left","Right","Right","Left",108,2019-12-13 09:47:46
"109","Affiliation 20191213 01___2019-12-13_09-47-49-5789-07-00.jpg",NA,"12/13/2019",2019-12-13,"9:47:50","Ok",FALSE,"","Left","Left","Right","Left",109,2019-12-13 09:47:50
"110","Affiliation 20191213 01___2019-12-13_09-47-54-5531-07-00.jpg",NA,"12/13/2019",2019-12-13,"9:47:56","Ok",FALSE,"","Left","Left","Right","Left",110,2019-12-13 09:47:56
"111","Affiliation 20191213 01___2019-12-13_09-47-59-5474-07-00.jpg",NA,"12/13/2019",2019-12-13,"9:48:00","Ok",FALSE,"","Left","Left","Right","Left",111,2019-12-13 09:48:00
"112","Affiliation 20191213 01___2019-12-13_09-48-04-5677-07-00.jpg",NA,"12/13/2019",2019-12-13,"9:48:06","Ok",FALSE,"","Right","Left","Right","Left",112,2019-12-13 09:48:06
"113","Affiliation 20191213 01___2019-12-13_09-48-09-5470-07-00.jpg",NA,"12/13/2019",2019-12-13,"9:48:10","Ok",FALSE,"","Right","Left","Right","Right",113,2019-12-13 09:48:10
"114","Affiliation 20191213 01___2019-12-13_09-48-14-5363-07-00.jpg",NA,"12/13/2019",2019-12-13,"9:48:16","Ok",FALSE,"","Right","Right","Right","Right",114,2019-12-13 09:48:16
"115","Affiliation 20191213 01___2019-12-13_09-48-19-5636-07-00.jpg",NA,"12/13/2019",2019-12-13,"9:48:20","Ok",FALSE,"","Neutral","Right","Right","Right",115,2019-12-13 09:48:20
"116","Affiliation 20191213 01___2019-12-13_09-48-24-5389-07-00.jpg",NA,"12/13/2019",2019-12-13,"9:48:26","Ok",FALSE,"","Left","Right","Right","Left",116,2019-12-13 09:48:26
"117","Affiliation 20191213 01___2019-12-13_09-48-29-5591-07-00.jpg",NA,"12/13/2019",2019-12-13,"9:48:30","Ok",FALSE,"","Left","Right","Right","Left",117,2019-12-13 09:48:30
"118","Affiliation 20191213 01___2019-12-13_09-48-34-5524-07-00.jpg",NA,"12/13/2019",2019-12-13,"9:48:36","Ok",FALSE,"","Left","Right","Left","Right",118,2019-12-13 09:48:36
"119","Affiliation 20191213 01___2019-12-13_09-48-39-5597-07-00.jpg",NA,"12/13/2019",2019-12-13,"9:48:40","Ok",FALSE,"","Left","Right","Left","Right",119,2019-12-13 09:48:40
"120","Affiliation 20191213 01___2019-12-13_09-48-44-5520-07-00.jpg",NA,"12/13/2019",2019-12-13,"9:48:46","Ok",FALSE,"","Right","Right","Left","Right",120,2019-12-13 09:48:46
"121","Affiliation 20191213 01___2019-12-13_09-48-49-5463-07-00.jpg",NA,"12/13/2019",2019-12-13,"9:48:50","Ok",FALSE,"","Right","Right","Neutral","Right",121,2019-12-13 09:48:50
"122","Affiliation 20191213 01___2019-12-13_09-48-54-5526-07-00.jpg",NA,"12/13/2019",2019-12-13,"9:48:56","Ok",FALSE,"","Right","Right","Neutral","Right",122,2019-12-13 09:48:56
"123","Affiliation 20191213 01___2019-12-13_09-48-59-5469-07-00.jpg",NA,"12/13/2019",2019-12-13,"9:49:00","Ok",FALSE,"","Right","Right","Neutral","Right",123,2019-12-13 09:49:00
"124","Affiliation 20191213 01___2019-12-13_09-49-04-5361-07-00.jpg",NA,"12/13/2019",2019-12-13,"9:49:06","Ok",FALSE,"","Neutral","Right","Neutral","Right",124,2019-12-13 09:49:06
"125","Affiliation 20191213 01___2019-12-13_09-49-09-5474-07-00.jpg",NA,"12/13/2019",2019-12-13,"9:49:10","Ok",FALSE,"","Right","Right","Neutral","Right",125,2019-12-13 09:49:10
"126","Affiliation 20191213 01___2019-12-13_09-49-14-5357-07-00.jpg",NA,"12/13/2019",2019-12-13,"9:49:16","Ok",FALSE,"","Right","Right","Neutral","Right",126,2019-12-13 09:49:16
"127","Affiliation 20191213 01___2019-12-13_09-49-19-5610-07-00.jpg",NA,"12/13/2019",2019-12-13,"9:49:20","Ok",FALSE,"","Right","Right","Neutral","Right",127,2019-12-13 09:49:20
"128","Affiliation 20191213 01___2019-12-13_09-49-24-5383-07-00.jpg",NA,"12/13/2019",2019-12-13,"9:49:26","Ok",FALSE,"","Right","Right","Neutral","Right",128,2019-12-13 09:49:26
"129","Affiliation 20191213 01___2019-12-13_09-49-29-5626-07-00.jpg",NA,"12/13/2019",2019-12-13,"9:49:30","Ok",FALSE,"","Right","Left","Neutral","Right",129,2019-12-13 09:49:30
"130","Affiliation 20191213 01___2019-12-13_09-49-34-5529-07-00.jpg",NA,"12/13/2019",2019-12-13,"9:49:36","Ok",FALSE,"","Right","Left","Right","Right",130,2019-12-13 09:49:36
"131","Affiliation 20191213 01___2019-12-13_09-49-39-5591-07-00.jpg",NA,"12/13/2019",2019-12-13,"9:49:40","Ok",FALSE,"","Right","Left","Right","Neutral",131,2019-12-13 09:49:40
"132","Affiliation 20191213 01___2019-12-13_09-49-44-5514-07-00.jpg",NA,"12/13/2019",2019-12-13,"9:49:46","Ok",FALSE,"","Right","Left","Right","Neutral",132,2019-12-13 09:49:46
"133","Affiliation 20191213 01___2019-12-13_09-49-49-5467-07-00.jpg",NA,"12/13/2019",2019-12-13,"9:49:50","Ok",FALSE,"","Right","Left","Right","Left",133,2019-12-13 09:49:50
"134","Affiliation 20191213 01___2019-12-13_09-49-54-5520-07-00.jpg",NA,"12/13/2019",2019-12-13,"9:49:56","Ok",FALSE,"","Right","Left","Left","Left",134,2019-12-13 09:49:56
"135","Affiliation 20191213 01___2019-12-13_09-49-59-5433-07-00.jpg",NA,"12/13/2019",2019-12-13,"9:50:00","Ok",FALSE,"","Right","Left","Left","Left",135,2019-12-13 09:50:00
"136","Affiliation 20191213 01___2019-12-13_09-50-04-5696-07-00.jpg",NA,"12/13/2019",2019-12-13,"9:50:06","Ok",FALSE,"","Right","Right","Left","Right",136,2019-12-13 09:50:06
"137","Affiliation 20191213 01___2019-12-13_09-50-09-5469-07-00.jpg",NA,"12/13/2019",2019-12-13,"9:50:10","Ok",FALSE,"","Right","Right","Left","Right",137,2019-12-13 09:50:10
"138","Affiliation 20191213 01___2019-12-13_09-50-14-5702-07-00.jpg",NA,"12/13/2019",2019-12-13,"9:50:16","Ok",FALSE,"","Right","Right","Left","Right",138,2019-12-13 09:50:16
"139","Affiliation 20191213 01___2019-12-13_09-50-19-5654-07-00.jpg",NA,"12/13/2019",2019-12-13,"9:50:20","Ok",FALSE,"","Right","Right","Left","Right",139,2019-12-13 09:50:20
"140","Affiliation 20191213 01___2019-12-13_09-50-24-5867-07-00.jpg",NA,"12/13/2019",2019-12-13,"9:50:26","Ok",FALSE,"","Right","Neutral","Left","Neutral",140,2019-12-13 09:50:26
"141","Affiliation 20191213 01___2019-12-13_09-50-29-5620-07-00.jpg",NA,"12/13/2019",2019-12-13,"9:50:30","Ok",FALSE,"","Right","Left","Right","Left",141,2019-12-13 09:50:30
"142","Affiliation 20191213 01___2019-12-13_09-50-34-5523-07-00.jpg",NA,"12/13/2019",2019-12-13,"9:50:36","Ok",FALSE,"","Right","Left","Left","Left",142,2019-12-13 09:50:36
"143","Affiliation 20191213 01___2019-12-13_09-50-39-5756-07-00.jpg",NA,"12/13/2019",2019-12-13,"9:50:40","Ok",FALSE,"","Right","Left","Left","Unknown",143,2019-12-13 09:50:40
"144","Affiliation 20191213 01___2019-12-13_09-50-44-5549-07-00.jpg",NA,"12/13/2019",2019-12-13,"9:50:46","Ok",FALSE,"","Right","Left","Right","Right",144,2019-12-13 09:50:46
"145","Affiliation 20191213 01___2019-12-13_09-50-49-5432-07-00.jpg",NA,"12/13/2019",2019-12-13,"9:50:50","Ok",FALSE,"","Right","Left","Right","Left",145,2019-12-13 09:50:50
"146","Affiliation 20191213 01___2019-12-13_09-50-54-5664-07-00.jpg",NA,"12/13/2019",2019-12-13,"9:50:56","Ok",FALSE,"","Right","Left","Right","Neutral",146,2019-12-13 09:50:56
"147","Affiliation 20191213 01___2019-12-13_09-50-59-5457-07-00.jpg",NA,"12/13/2019",2019-12-13,"9:51:00","Ok",FALSE,"","Right","Right","Left","Right",147,2019-12-13 09:51:00
"148","Affiliation 20191213 01___2019-12-13_09-51-04-5670-07-00.jpg",NA,"12/13/2019",2019-12-13,"9:51:06","Ok",FALSE,"","Right","Right","Left","Left",148,2019-12-13 09:51:06
"149","Affiliation 20191213 01___2019-12-13_09-51-09-5583-07-00.jpg",NA,"12/13/2019",2019-12-13,"9:51:10","Ok",FALSE,"","Right","Right","Neutral","Left",149,2019-12-13 09:51:10
"150","Affiliation 20191213 01___2019-12-13_09-51-14-5666-07-00.jpg",NA,"12/13/2019",2019-12-13,"9:51:16","Ok",FALSE,"","Right","Right","Right","Right",150,2019-12-13 09:51:16
"151","Affiliation 20191213 01___2019-12-13_09-51-19-5619-07-00.jpg",NA,"12/13/2019",2019-12-13,"9:51:20","Ok",FALSE,"","Right","Right","Right","Neutral",151,2019-12-13 09:51:20
"152","Affiliation 20191213 01___2019-12-13_09-51-24-5862-07-00.jpg",NA,"12/13/2019",2019-12-13,"9:51:26","Ok",FALSE,"","Right","Right","Right","Left",152,2019-12-13 09:51:26
"153","Affiliation 20191213 01___2019-12-13_09-51-29-5614-07-00.jpg",NA,"12/13/2019",2019-12-13,"9:51:30","Ok",FALSE,"","Right","Right","Right","Neutral",153,2019-12-13 09:51:30
"154","Affiliation 20191213 01___2019-12-13_09-51-34-5517-07-00.jpg",NA,"12/13/2019",2019-12-13,"9:51:36","Ok",FALSE,"","Right","Right","Right","Right",154,2019-12-13 09:51:36
"155","Affiliation 20191213 01___2019-12-13_09-51-39-5750-07-00.jpg",NA,"12/13/2019",2019-12-13,"9:51:40","Ok",FALSE,"","Right","Right","Right","Right",155,2019-12-13 09:51:40
"156","Affiliation 20191213 01___2019-12-13_09-51-44-5543-07-00.jpg",NA,"12/13/2019",2019-12-13,"9:51:46","Ok",FALSE,"","Right","Right","Right","Neutral",156,2019-12-13 09:51:46
"157","Affiliation 20191213 01___2019-12-13_09-51-49-5456-07-00.jpg",NA,"12/13/2019",2019-12-13,"9:51:50","Ok",FALSE,"","Right","Right","Right","Right",157,2019-12-13 09:51:50
"158","Affiliation 20191213 01___2019-12-13_09-51-54-5689-07-00.jpg",NA,"12/13/2019",2019-12-13,"9:51:56","Ok",FALSE,"","Right","Right","Left","Neutral",158,2019-12-13 09:51:56
"159","Affiliation 20191213 01___2019-12-13_09-51-59-5452-07-00.jpg",NA,"12/13/2019",2019-12-13,"9:52:00","Ok",FALSE,"","Right","Right","Left","Left",159,2019-12-13 09:52:00
"160","Affiliation 20191213 01___2019-12-13_09-52-04-5664-07-00.jpg",NA,"12/13/2019",2019-12-13,"9:52:06","Ok",FALSE,"","Right","Neutral","Left","Right",160,2019-12-13 09:52:06
"161","Affiliation 20191213 01___2019-12-13_09-52-09-5617-07-00.jpg",NA,"12/13/2019",2019-12-13,"9:52:10","Ok",FALSE,"","Right","Neutral","Left","Neutral",161,2019-12-13 09:52:10
"162","Affiliation 20191213 01___2019-12-13_09-52-14-5670-07-00.jpg",NA,"12/13/2019",2019-12-13,"9:52:16","Ok",FALSE,"","Right","Right","Left","Left",162,2019-12-13 09:52:16
"163","Affiliation 20191213 01___2019-12-13_09-52-19-5583-07-00.jpg",NA,"12/13/2019",2019-12-13,"9:52:20","Ok",FALSE,"","Right","Right","Left","Right",163,2019-12-13 09:52:20
"164","Affiliation 20191213 01___2019-12-13_09-52-24-5526-07-00.jpg",NA,"12/13/2019",2019-12-13,"9:52:26","Ok",FALSE,"","Right","Right","Left","Neutral",164,2019-12-13 09:52:26
"165","Affiliation 20191213 01___2019-12-13_09-52-29-5599-07-00.jpg",NA,"12/13/2019",2019-12-13,"9:52:30","Ok",FALSE,"","Right","Right","Neutral","Left",165,2019-12-13 09:52:30
"166","Affiliation 20191213 01___2019-12-13_09-52-34-5512-07-00.jpg",NA,"12/13/2019",2019-12-13,"9:52:36","Ok",FALSE,"","Right","Right","Right","Left",166,2019-12-13 09:52:36
"167","Affiliation 20191213 01___2019-12-13_09-52-39-5744-07-00.jpg",NA,"12/13/2019",2019-12-13,"9:52:40","Ok",FALSE,"","Right","Left","Neutral","Right",167,2019-12-13 09:52:40
"168","Affiliation 20191213 01___2019-12-13_09-52-44-5537-07-00.jpg",NA,"12/13/2019",2019-12-13,"9:52:46","Ok",FALSE,"","Right","Left","Left","Right",168,2019-12-13 09:52:46
"169","Affiliation 20191213 01___2019-12-13_09-52-49-5750-07-00.jpg",NA,"12/13/2019",2019-12-13,"9:52:50","Ok",FALSE,"","Right","Left","Left","Right",169,2019-12-13 09:52:50
"170","Affiliation 20191213 01___2019-12-13_09-52-54-5733-07-00.jpg",NA,"12/13/2019",2019-12-13,"9:52:56","Ok",FALSE,"","Right","Right","Left","Left",170,2019-12-13 09:52:56
"171","Affiliation 20191213 01___2019-12-13_09-52-59-5806-07-00.jpg",NA,"12/13/2019",2019-12-13,"9:53:00","Ok",FALSE,"","Right","Right","Left","Left",171,2019-12-13 09:53:00
"172","Affiliation 20191213 01___2019-12-13_09-53-04-5669-07-00.jpg",NA,"12/13/2019",2019-12-13,"9:53:06","Ok",FALSE,"","Right","Right","Right","Left",172,2019-12-13 09:53:06
"173","Affiliation 20191213 01___2019-12-13_09-53-09-5612-07-00.jpg",NA,"12/13/2019",2019-12-13,"9:53:10","Ok",FALSE,"","Right","Right","Left","Left",173,2019-12-13 09:53:10
"174","Affiliation 20191213 01___2019-12-13_09-53-14-5664-07-00.jpg",NA,"12/13/2019",2019-12-13,"9:53:16","Ok",FALSE,"","Right","Right","Left","Left",174,2019-12-13 09:53:16
"175","Affiliation 20191213 01___2019-12-13_09-53-19-5587-07-00.jpg",NA,"12/13/2019",2019-12-13,"9:53:20","Ok",FALSE,"","Right","Right","Left","Neutral",175,2019-12-13 09:53:20
"176","Affiliation 20191213 01___2019-12-13_09-53-24-5530-07-00.jpg",NA,"12/13/2019",2019-12-13,"9:53:26","Ok",FALSE,"","Right","Right","Left","Left",176,2019-12-13 09:53:26
"177","Affiliation 20191213 01___2019-12-13_09-53-29-5593-07-00.jpg",NA,"12/13/2019",2019-12-13,"9:53:30","Ok",FALSE,"","Right","Right","Left","Left",177,2019-12-13 09:53:30
"178","Affiliation 20191213 01___2019-12-13_09-53-34-5506-07-00.jpg",NA,"12/13/2019",2019-12-13,"9:53:36","Ok",FALSE,"","Right","Neutral","Left","Right",178,2019-12-13 09:53:36
"179","Affiliation 20191213 01___2019-12-13_09-53-39-5739-07-00.jpg",NA,"12/13/2019",2019-12-13,"9:53:40","Ok",FALSE,"","Right","Right","Left","Left",179,2019-12-13 09:53:40
"180","Affiliation 20191213 01___2019-12-13_09-53-44-5532-07-00.jpg",NA,"12/13/2019",2019-12-13,"9:53:46","Ok",FALSE,"","Right","Right","Left","Right",180,2019-12-13 09:53:46
"181","Affiliation 20191213 01___2019-12-13_09-53-49-5734-07-00.jpg",NA,"12/13/2019",2019-12-13,"9:53:50","Ok",FALSE,"","Right","Right","Right","Right",181,2019-12-13 09:53:50
"182","Affiliation 20191213 01___2019-12-13_09-53-54-5687-07-00.jpg",NA,"12/13/2019",2019-12-13,"9:53:56","Ok",FALSE,"","Right","Right","Right","Left",182,2019-12-13 09:53:56
"183","Affiliation 20191213 01___2019-12-13_09-53-59-5910-07-00.jpg",NA,"12/13/2019",2019-12-13,"9:54:00","Ok",FALSE,"","Right","Right","Right","Left",183,2019-12-13 09:54:00
"184","Affiliation 20191213 01___2019-12-13_09-54-04-5683-07-00.jpg",NA,"12/13/2019",2019-12-13,"9:54:06","Ok",FALSE,"","Right","Right","Right","Right",184,2019-12-13 09:54:06
"185","Affiliation 20191213 01___2019-12-13_09-54-09-5576-07-00.jpg",NA,"12/13/2019",2019-12-13,"9:54:10","Ok",FALSE,"","Right","Right","Left","Left",185,2019-12-13 09:54:10
"186","Affiliation 20191213 01___2019-12-13_09-54-14-5819-07-00.jpg",NA,"12/13/2019",2019-12-13,"9:54:16","Ok",FALSE,"","Right","Right","Left","Left",186,2019-12-13 09:54:16
"187","Affiliation 20191213 01___2019-12-13_09-54-19-5602-07-00.jpg",NA,"12/13/2019",2019-12-13,"9:54:20","Ok",FALSE,"","Right","Right","Left","Neutral",187,2019-12-13 09:54:20
"188","Affiliation 20191213 01___2019-12-13_09-54-24-5845-07-00.jpg",NA,"12/13/2019",2019-12-13,"9:54:26","Ok",FALSE,"","Right","Right","Left","Left",188,2019-12-13 09:54:26
"189","Affiliation 20191213 01___2019-12-13_09-54-29-5767-07-00.jpg",NA,"12/13/2019",2019-12-13,"9:54:30","Ok",FALSE,"","Right","Right","Right","Left",189,2019-12-13 09:54:30
"190","Affiliation 20191213 01___2019-12-13_09-54-34-5850-07-00.jpg",NA,"12/13/2019",2019-12-13,"9:54:36","Ok",FALSE,"","Right","Right","Right","Left",190,2019-12-13 09:54:36
"191","Affiliation 20191213 01___2019-12-13_09-54-39-5763-07-00.jpg",NA,"12/13/2019",2019-12-13,"9:54:40","Ok",FALSE,"","Right","Right","Right","Left",191,2019-12-13 09:54:40
"192","Affiliation 20191213 01___2019-12-13_09-54-44-6006-07-00.jpg",NA,"12/13/2019",2019-12-13,"9:54:46","Ok",FALSE,"","Left","Right","Left","Right",192,2019-12-13 09:54:46
"193","Affiliation 20191213 01___2019-12-13_09-54-49-5739-07-00.jpg",NA,"12/13/2019",2019-12-13,"9:54:50","Ok",FALSE,"","Left","Right","Left","Left",193,2019-12-13 09:54:50
"194","Affiliation 20191213 01___2019-12-13_09-54-54-5722-07-00.jpg",NA,"12/13/2019",2019-12-13,"9:54:56","Ok",FALSE,"","Left","Right","Right","Left",194,2019-12-13 09:54:56
"195","Affiliation 20191213 01___2019-12-13_09-54-59-5905-07-00.jpg",NA,"12/13/2019",2019-12-13,"9:55:00","Ok",FALSE,"","Left","Right","Right","Right",195,2019-12-13 09:55:00
"196","Affiliation 20191213 01___2019-12-13_09-55-04-5687-07-00.jpg",NA,"12/13/2019",2019-12-13,"9:55:06","Ok",FALSE,"","Right","Right","Right","Right",196,2019-12-13 09:55:06
"197","Affiliation 20191213 01___2019-12-13_09-55-09-5570-07-00.jpg",NA,"12/13/2019",2019-12-13,"9:55:10","Ok",FALSE,"","Right","Right","Right","Right",197,2019-12-13 09:55:10
"198","Affiliation 20191213 01___2019-12-13_09-55-14-5813-07-00.jpg",NA,"12/13/2019",2019-12-13,"9:55:16","Ok",FALSE,"","Left","Right","Right","Right",198,2019-12-13 09:55:16
"199","Affiliation 20191213 01___2019-12-13_09-55-19-5596-07-00.jpg",NA,"12/13/2019",2019-12-13,"9:55:20","Ok",FALSE,"","Left","Right","Neutral","Right",199,2019-12-13 09:55:20
"200","Affiliation 20191213 01___2019-12-13_09-55-24-5819-07-00.jpg",NA,"12/13/2019",2019-12-13,"9:55:26","Ok",FALSE,"","Left","Right","Left","Neutral",200,2019-12-13 09:55:26
"201","Affiliation 20191213 01___2019-12-13_09-55-29-5762-07-00.jpg",NA,"12/13/2019",2019-12-13,"9:55:30","Ok",FALSE,"","Left","Right","Neutral","Neutral",201,2019-12-13 09:55:30
"202","Affiliation 20191213 01___2019-12-13_09-55-34-5805-07-00.jpg",NA,"12/13/2019",2019-12-13,"9:55:36","Ok",FALSE,"","Left","Right","Right","Right",202,2019-12-13 09:55:36
"203","Affiliation 20191213 01___2019-12-13_09-55-39-5747-07-00.jpg",NA,"12/13/2019",2019-12-13,"9:55:40","Ok",FALSE,"","Left","Right","Right","Right",203,2019-12-13 09:55:40
"204","Affiliation 20191213 01___2019-12-13_09-55-44-5650-07-00.jpg",NA,"12/13/2019",2019-12-13,"9:55:46","Ok",FALSE,"","Left","Neutral","Left","Unknown",204,2019-12-13 09:55:46
"205","Affiliation 20191213 01___2019-12-13_09-55-49-5733-07-00.jpg",NA,"12/13/2019",2019-12-13,"9:55:50","Ok",FALSE,"","Left","Left","Left","Right",205,2019-12-13 09:55:50
"206","Affiliation 20191213 01___2019-12-13_09-55-54-5656-07-00.jpg",NA,"12/13/2019",2019-12-13,"9:55:56","Ok",FALSE,"","Left","Left","Right","Right",206,2019-12-13 09:55:56
"207","Affiliation 20191213 01___2019-12-13_09-55-59-5909-07-00.jpg",NA,"12/13/2019",2019-12-13,"9:56:00","Ok",FALSE,"","Left","Left","Right","Right",207,2019-12-13 09:56:00
"208","Affiliation 20191213 01___2019-12-13_09-56-04-5682-07-00.jpg",NA,"12/13/2019",2019-12-13,"9:56:06","Ok",FALSE,"","Left","Left","Right","Right",208,2019-12-13 09:56:06
"209","Affiliation 20191213 01___2019-12-13_09-56-09-5915-07-00.jpg",NA,"12/13/2019",2019-12-13,"9:56:10","Ok",FALSE,"","Left","Left","Right","Right",209,2019-12-13 09:56:10
"210","Affiliation 20191213 01___2019-12-13_09-56-14-5837-07-00.jpg",NA,"12/13/2019",2019-12-13,"9:56:16","Ok",FALSE,"","Left","Left","Right","Right",210,2019-12-13 09:56:16
"211","Affiliation 20191213 01___2019-12-13_09-56-19-5600-07-00.jpg",NA,"12/13/2019",2019-12-13,"9:56:20","Ok",FALSE,"","Neutral","Left","Right","Right",211,2019-12-13 09:56:20
"212","Affiliation 20191213 01___2019-12-13_09-56-24-5813-07-00.jpg",NA,"12/13/2019",2019-12-13,"9:56:26","Ok",FALSE,"","Neutral","Neutral","Right","Right",212,2019-12-13 09:56:26
"213","Affiliation 20191213 01___2019-12-13_09-56-29-5756-07-00.jpg",NA,"12/13/2019",2019-12-13,"9:56:30","Ok",FALSE,"","Right","Right","Right","Right",213,2019-12-13 09:56:30
"214","Affiliation 20191213 01___2019-12-13_09-56-34-5809-07-00.jpg",NA,"12/13/2019",2019-12-13,"9:56:36","Ok",FALSE,"","Right","Right","Right","Right",214,2019-12-13 09:56:36
"215","Affiliation 20191213 01___2019-12-13_09-56-39-5722-07-00.jpg",NA,"12/13/2019",2019-12-13,"9:56:40","Ok",FALSE,"","Right","Right","Right","Right",215,2019-12-13 09:56:40
"216","Affiliation 20191213 01___2019-12-13_09-56-44-5675-07-00.jpg",NA,"12/13/2019",2019-12-13,"9:56:46","Ok",FALSE,"","Right","Right","Neutral","Right",216,2019-12-13 09:56:46
"217","Affiliation 20191213 01___2019-12-13_09-56-49-5737-07-00.jpg",NA,"12/13/2019",2019-12-13,"9:56:50","Ok",FALSE,"","Right","Left","Left","Right",217,2019-12-13 09:56:50
"218","Affiliation 20191213 01___2019-12-13_09-56-54-5670-07-00.jpg",NA,"12/13/2019",2019-12-13,"9:56:56","Ok",FALSE,"","Left","Left","Left","Left",218,2019-12-13 09:56:56
"219","Affiliation 20191213 01___2019-12-13_09-56-59-5893-07-00.jpg",NA,"12/13/2019",2019-12-13,"9:57:00","Ok",FALSE,"","Left","Left","Right","Neutral",219,2019-12-13 09:57:00
"220","Affiliation 20191213 01___2019-12-13_09-57-04-5656-07-00.jpg",NA,"12/13/2019",2019-12-13,"9:57:06","Ok",FALSE,"","Left","Left","Right","Right",220,2019-12-13 09:57:06
"221","Affiliation 20191213 01___2019-12-13_09-57-09-5919-07-00.jpg",NA,"12/13/2019",2019-12-13,"9:57:10","Ok",FALSE,"","Left","Left","Left","Right",221,2019-12-13 09:57:10
"222","Affiliation 20191213 01___2019-12-13_09-57-14-5872-07-00.jpg",NA,"12/13/2019",2019-12-13,"9:57:16","Ok",FALSE,"","Left","Left","Left","Right",222,2019-12-13 09:57:16
"223","Affiliation 20191213 01___2019-12-13_09-57-19-5635-07-00.jpg",NA,"12/13/2019",2019-12-13,"9:57:20","Ok",FALSE,"","Neutral","Left","Right","Right",223,2019-12-13 09:57:20
"224","Affiliation 20191213 01___2019-12-13_09-57-24-5827-07-00.jpg",NA,"12/13/2019",2019-12-13,"9:57:26","Ok",FALSE,"","Left","Left","Right","Right",224,2019-12-13 09:57:26
"225","Affiliation 20191213 01___2019-12-13_09-57-29-5750-07-00.jpg",NA,"12/13/2019",2019-12-13,"9:57:30","Ok",FALSE,"","Right","Left","Left","Right",225,2019-12-13 09:57:30
"226","Affiliation 20191213 01___2019-12-13_09-57-34-5963-07-00.jpg",NA,"12/13/2019",2019-12-13,"9:57:36","Ok",FALSE,"","Right","Right","Left","Right",226,2019-12-13 09:57:36
"227","Affiliation 20191213 01___2019-12-13_09-57-39-5746-07-00.jpg",NA,"12/13/2019",2019-12-13,"9:57:40","Ok",FALSE,"","Right","Right","Right","Right",227,2019-12-13 09:57:40
"228","Affiliation 20191213 01___2019-12-13_09-57-44-5669-07-00.jpg",NA,"12/13/2019",2019-12-13,"9:57:46","Ok",FALSE,"","Right","Right","Right","Left",228,2019-12-13 09:57:46
"229","Affiliation 20191213 01___2019-12-13_09-57-49-5912-07-00.jpg",NA,"12/13/2019",2019-12-13,"9:57:50","Ok",FALSE,"","Right","Left","Right","Right",229,2019-12-13 09:57:50
"230","Affiliation 20191213 01___2019-12-13_09-57-54-5975-07-00.jpg",NA,"12/13/2019",2019-12-13,"9:57:56","Ok",FALSE,"","Right","Left","Right","Left",230,2019-12-13 09:57:56
"231","Affiliation 20191213 01___2019-12-13_09-57-59-5887-07-00.jpg",NA,"12/13/2019",2019-12-13,"9:58:00","Ok",FALSE,"","Left","Left","Left","Right",231,2019-12-13 09:58:00
"232","Affiliation 20191213 01___2019-12-13_09-58-04-5830-07-00.jpg",NA,"12/13/2019",2019-12-13,"9:58:06","Ok",FALSE,"","Right","Left","Neutral","Unknown",232,2019-12-13 09:58:06
"233","Affiliation 20191213 01___2019-12-13_09-58-09-5883-07-00.jpg",NA,"12/13/2019",2019-12-13,"9:58:10","Ok",FALSE,"","Neutral","Left","Right","Right",233,2019-12-13 09:58:10
"234","Affiliation 20191213 01___2019-12-13_09-58-14-5806-07-00.jpg",NA,"12/13/2019",2019-12-13,"9:58:16","Ok",FALSE,"","Right","Left","Right","Right",234,2019-12-13 09:58:16
"235","Affiliation 20191213 01___2019-12-13_09-58-19-6069-07-00.jpg",NA,"12/13/2019",2019-12-13,"9:58:20","Ok",FALSE,"","Right","Left","Right","Unknown",235,2019-12-13 09:58:20
"236","Affiliation 20191213 01___2019-12-13_09-58-24-5812-07-00.jpg",NA,"12/13/2019",2019-12-13,"9:58:26","Ok",FALSE,"","Right","Left","Neutral","Unknown",236,2019-12-13 09:58:26
"237","Affiliation 20191213 01___2019-12-13_09-58-29-5755-07-00.jpg",NA,"12/13/2019",2019-12-13,"9:58:30","Ok",FALSE,"","Right","Left","Left","Right",237,2019-12-13 09:58:30
"238","Affiliation 20191213 01___2019-12-13_09-58-34-5958-07-00.jpg",NA,"12/13/2019",2019-12-13,"9:58:36","Ok",FALSE,"","Right","Left","Left","Neutral",238,2019-12-13 09:58:36
"239","Affiliation 20191213 01___2019-12-13_09-58-39-5750-07-00.jpg",NA,"12/13/2019",2019-12-13,"9:58:40","Ok",FALSE,"","Right","Left","Neutral","Neutral",239,2019-12-13 09:58:40
"240","Affiliation 20191213 01___2019-12-13_09-58-44-5953-07-00.jpg",NA,"12/13/2019",2019-12-13,"9:58:46","Ok",FALSE,"","Right","Left","Right","Unknown",240,2019-12-13 09:58:46
"241","Affiliation 20191213 01___2019-12-13_09-58-49-5906-07-00.jpg",NA,"12/13/2019",2019-12-13,"9:58:50","Ok",FALSE,"","Right","Unknown","Right","Right",241,2019-12-13 09:58:50
"242","Affiliation 20191213 01___2019-12-13_09-58-54-5989-07-00.jpg",NA,"12/13/2019",2019-12-13,"9:58:56","Ok",FALSE,"","Left","Right","Right","Right",242,2019-12-13 09:58:56
"243","Affiliation 20191213 01___2019-12-13_09-58-59-5882-07-00.jpg",NA,"12/13/2019",2019-12-13,"9:59:00","Ok",FALSE,"","Left","Right","Neutral","Left",243,2019-12-13 09:59:00
"244","Affiliation 20191213 01___2019-12-13_09-59-04-5825-07-00.jpg",NA,"12/13/2019",2019-12-13,"9:59:06","Ok",FALSE,"","Right","Neutral","Neutral","Unknown",244,2019-12-13 09:59:06
"245","Affiliation 20191213 01___2019-12-13_09-59-09-5878-07-00.jpg",NA,"12/13/2019",2019-12-13,"9:59:10","Ok",FALSE,"","Right","Left","Neutral","Left",245,2019-12-13 09:59:10
"246","Affiliation 20191213 01___2019-12-13_09-59-14-5830-07-00.jpg",NA,"12/13/2019",2019-12-13,"9:59:16","Ok",FALSE,"","Right","Left","Left","Left",246,2019-12-13 09:59:16
"247","Affiliation 20191213 01___2019-12-13_09-59-19-5733-07-00.jpg",NA,"12/13/2019",2019-12-13,"9:59:20","Ok",FALSE,"","Unknown","Left","Left","Right",247,2019-12-13 09:59:20
"248","Affiliation 20191213 01___2019-12-13_09-59-24-5816-07-00.jpg",NA,"12/13/2019",2019-12-13,"9:59:26","Ok",FALSE,"","Left","Neutral","Left","Right",248,2019-12-13 09:59:26
"249","Affiliation 20191213 01___2019-12-13_09-59-29-5719-07-00.jpg",NA,"12/13/2019",2019-12-13,"9:59:30","Ok",FALSE,"","Neutral","Right","Left","Left",249,2019-12-13 09:59:30
"250","Affiliation 20191213 01___2019-12-13_09-59-34-5952-07-00.jpg",NA,"12/13/2019",2019-12-13,"9:59:36","Ok",FALSE,"","Right","Right","Left","Left",250,2019-12-13 09:59:36
"251","Affiliation 20191213 01___2019-12-13_09-59-39-5745-07-00.jpg",NA,"12/13/2019",2019-12-13,"9:59:40","Ok",FALSE,"","Right","Right","Left","Left",251,2019-12-13 09:59:40
"252","Affiliation 20191213 01___2019-12-13_09-59-44-5978-07-00.jpg",NA,"12/13/2019",2019-12-13,"9:59:46","Ok",FALSE,"","Right","Right","Left","Right",252,2019-12-13 09:59:46
"253","Affiliation 20191213 01___2019-12-13_09-59-49-5890-07-00.jpg",NA,"12/13/2019",2019-12-13,"9:59:50","Ok",FALSE,"","Right","Right","Left","Right",253,2019-12-13 09:59:50
"254","Affiliation 20191213 01___2019-12-13_09-59-54-5983-07-00.jpg",NA,"12/13/2019",2019-12-13,"9:59:56","Ok",FALSE,"","Right","Right","Left","Left",254,2019-12-13 09:59:56
"255","Affiliation 20191213 01___2019-12-13_09-59-59-5896-07-00.jpg",NA,"12/13/2019",2019-12-13,"10:00:00","Ok",FALSE,"","Right","Right","Right","Left",255,2019-12-13 10:00:00
"256","Affiliation 20191213 01___2019-12-13_10-00-04-5819-07-00.jpg",NA,"12/13/2019",2019-12-13,"10:00:06","Ok",FALSE,"","Right","Right","Left","Left",256,2019-12-13 10:00:06
"257","Affiliation 20191213 01___2019-12-13_10-00-09-5862-07-00.jpg",NA,"12/13/2019",2019-12-13,"10:00:10","Ok",FALSE,"","Right","Right","Left","Right",257,2019-12-13 10:00:10
"258","Affiliation 20191213 01___2019-12-13_10-00-14-5795-07-00.jpg",NA,"12/13/2019",2019-12-13,"10:00:16","Ok",FALSE,"","Right","Right","Left","Left",258,2019-12-13 10:00:16
"259","Affiliation 20191213 01___2019-12-13_10-00-19-6028-07-00.jpg",NA,"12/13/2019",2019-12-13,"10:00:20","Ok",FALSE,"","Right","Right","Left","Left",259,2019-12-13 10:00:20
"260","Affiliation 20191213 01___2019-12-13_10-00-24-5800-07-00.jpg",NA,"12/13/2019",2019-12-13,"10:00:26","Ok",FALSE,"","Right","Right","Left","Left",260,2019-12-13 10:00:26
"261","Affiliation 20191213 01___2019-12-13_10-00-29-6053-07-00.jpg",NA,"12/13/2019",2019-12-13,"10:00:30","Ok",FALSE,"","Right","Right","Left","Left",261,2019-12-13 10:00:30
"262","Affiliation 20191213 01___2019-12-13_10-00-34-6006-07-00.jpg",NA,"12/13/2019",2019-12-13,"10:00:36","Ok",FALSE,"","Right","Right","Neutral","Left",262,2019-12-13 10:00:36
"263","Affiliation 20191213 01___2019-12-13_10-00-39-6219-07-00.jpg",NA,"12/13/2019",2019-12-13,"10:00:40","Ok",FALSE,"","Right","Right","Right","Left",263,2019-12-13 10:00:40
"264","Affiliation 20191213 01___2019-12-13_10-00-44-5982-07-00.jpg",NA,"12/13/2019",2019-12-13,"10:00:46","Ok",FALSE,"","Right","Right","Right","Left",264,2019-12-13 10:00:46
"265","Affiliation 20191213 01___2019-12-13_10-00-49-5905-07-00.jpg",NA,"12/13/2019",2019-12-13,"10:00:50","Ok",FALSE,"","Right","Right","Right","Left",265,2019-12-13 10:00:50
"266","Affiliation 20191213 01___2019-12-13_10-00-54-6128-07-00.jpg",NA,"12/13/2019",2019-12-13,"10:00:56","Ok",FALSE,"","Right","Right","Right","Left",266,2019-12-13 10:00:56
"267","Affiliation 20191213 01___2019-12-13_10-00-59-5900-07-00.jpg",NA,"12/13/2019",2019-12-13,"10:01:00","Ok",FALSE,"","Right","Right","Right","Left",267,2019-12-13 10:01:00
"268","Affiliation 20191213 01___2019-12-13_10-01-04-5793-07-00.jpg",NA,"12/13/2019",2019-12-13,"10:01:06","Ok",FALSE,"","Right","Right","Right","Left",268,2019-12-13 10:01:06
"269","Affiliation 20191213 01___2019-12-13_10-01-09-6026-07-00.jpg",NA,"12/13/2019",2019-12-13,"10:01:10","Ok",FALSE,"","Right","Right","Right","Left",269,2019-12-13 10:01:10
"270","Affiliation 20191213 01___2019-12-13_10-01-14-5819-07-00.jpg",NA,"12/13/2019",2019-12-13,"10:01:16","Ok",FALSE,"","Right","Right","Right","Left",270,2019-12-13 10:01:16
"271","Affiliation 20191213 01___2019-12-13_10-01-19-6032-07-00.jpg",NA,"12/13/2019",2019-12-13,"10:01:20","Ok",FALSE,"","Right","Right","Right","Left",271,2019-12-13 10:01:20
"272","Affiliation 20191213 01___2019-12-13_10-01-24-5975-07-00.jpg",NA,"12/13/2019",2019-12-13,"10:01:26","Ok",FALSE,"","Right","Right","Right","Left",272,2019-12-13 10:01:26
"273","Affiliation 20191213 01___2019-12-13_10-01-29-6098-07-00.jpg",NA,"12/13/2019",2019-12-13,"10:01:30","Ok",FALSE,"","Right","Right","Right","Left",273,2019-12-13 10:01:30
"274","Affiliation 20191213 01___2019-12-13_10-01-34-5980-07-00.jpg",NA,"12/13/2019",2019-12-13,"10:01:36","Ok",FALSE,"","Right","Right","Neutral","Left",274,2019-12-13 10:01:36
"275","Affiliation 20191213 01___2019-12-13_10-01-39-6213-07-00.jpg",NA,"12/13/2019",2019-12-13,"10:01:40","Ok",FALSE,"","Right","Right","Neutral","Left",275,2019-12-13 10:01:40
"276","Affiliation 20191213 01___2019-12-13_10-01-44-5946-07-00.jpg",NA,"12/13/2019",2019-12-13,"10:01:46","Ok",FALSE,"","Right","Right","Left","Left",276,2019-12-13 10:01:46
"277","Affiliation 20191213 01___2019-12-13_10-01-49-5899-07-00.jpg",NA,"12/13/2019",2019-12-13,"10:01:50","Ok",FALSE,"","Left","Right","Left","Left",277,2019-12-13 10:01:50
"278","Affiliation 20191213 01___2019-12-13_10-01-54-6122-07-00.jpg",NA,"12/13/2019",2019-12-13,"10:01:56","Ok",FALSE,"","Left","Right","Left","Left",278,2019-12-13 10:01:56
"279","Affiliation 20191213 01___2019-12-13_10-01-59-5895-07-00.jpg",NA,"12/13/2019",2019-12-13,"10:02:00","Ok",FALSE,"","Left","Right","Left","Left",279,2019-12-13 10:02:00
"280","Affiliation 20191213 01___2019-12-13_10-02-04-6108-07-00.jpg",NA,"12/13/2019",2019-12-13,"10:02:06","Ok",FALSE,"","Left","Right","Left","Left",280,2019-12-13 10:02:06
"281","Affiliation 20191213 01___2019-12-13_10-02-09-6020-07-00.jpg",NA,"12/13/2019",2019-12-13,"10:02:10","Ok",FALSE,"","Left","Right","Left","Left",281,2019-12-13 10:02:10
"282","Affiliation 20191213 01___2019-12-13_10-02-14-5813-07-00.jpg",NA,"12/13/2019",2019-12-13,"10:02:16","Ok",FALSE,"","Left","Right","Left","Neutral",282,2019-12-13 10:02:16
"283","Affiliation 20191213 01___2019-12-13_10-02-19-6056-07-00.jpg",NA,"12/13/2019",2019-12-13,"10:02:20","Ok",FALSE,"","Left","Right","Left","Right",283,2019-12-13 10:02:20
"284","Affiliation 20191213 01___2019-12-13_10-02-24-5979-07-00.jpg",NA,"12/13/2019",2019-12-13,"10:02:26","Ok",FALSE,"","Neutral","Right","Left","Left",284,2019-12-13 10:02:26
"285","Affiliation 20191213 01___2019-12-13_10-02-29-6032-07-00.jpg",NA,"12/13/2019",2019-12-13,"10:02:30","Ok",FALSE,"","Right","Right","Left","Left",285,2019-12-13 10:02:30
"286","Affiliation 20191213 01___2019-12-13_10-02-34-5935-07-00.jpg",NA,"12/13/2019",2019-12-13,"10:02:36","Ok",FALSE,"","Right","Right","Left","Left",286,2019-12-13 10:02:36
"287","Affiliation 20191213 01___2019-12-13_10-02-39-5888-07-00.jpg",NA,"12/13/2019",2019-12-13,"10:02:40","Ok",FALSE,"","Right","Right","Left","Left",287,2019-12-13 10:02:40
"288","Affiliation 20191213 01___2019-12-13_10-02-44-5940-07-00.jpg",NA,"12/13/2019",2019-12-13,"10:02:46","Ok",FALSE,"","Right","Right","Left","Left",288,2019-12-13 10:02:46
"289","Affiliation 20191213 01___2019-12-13_10-02-49-5863-07-00.jpg",NA,"12/13/2019",2019-12-13,"10:02:50","Ok",FALSE,"","Left","Right","Left","Right",289,2019-12-13 10:02:50
"290","Affiliation 20191213 01___2019-12-13_10-02-54-6106-07-00.jpg",NA,"12/13/2019",2019-12-13,"10:02:56","Ok",FALSE,"","Left","Right","Left","Left",290,2019-12-13 10:02:56
"291","Affiliation 20191213 01___2019-12-13_10-02-59-5889-07-00.jpg",NA,"12/13/2019",2019-12-13,"10:03:00","Ok",FALSE,"","Left","Right","Neutral","Left",291,2019-12-13 10:03:00
"292","Affiliation 20191213 01___2019-12-13_10-03-04-6092-07-00.jpg",NA,"12/13/2019",2019-12-13,"10:03:06","Ok",FALSE,"","Left","Right","Neutral","Unknown",292,2019-12-13 10:03:06
"293","Affiliation 20191213 01___2019-12-13_10-03-09-6035-07-00.jpg",NA,"12/13/2019",2019-12-13,"10:03:10","Ok",FALSE,"","Left","Right","Right","Left",293,2019-12-13 10:03:10
"294","Affiliation 20191213 01___2019-12-13_10-03-14-5848-07-00.jpg",NA,"12/13/2019",2019-12-13,"10:03:16","Ok",FALSE,"","Left","Right","Left","Neutral",294,2019-12-13 10:03:16
"295","Affiliation 20191213 01___2019-12-13_10-03-19-6051-07-00.jpg",NA,"12/13/2019",2019-12-13,"10:03:20","Ok",FALSE,"","Left","Right","Left","Left",295,2019-12-13 10:03:20
"296","Affiliation 20191213 01___2019-12-13_10-03-24-6173-07-00.jpg",NA,"12/13/2019",2019-12-13,"10:03:26","Ok",FALSE,"","Left","Right","Right","Right",296,2019-12-13 10:03:26
"297","Affiliation 20191213 01___2019-12-13_10-03-29-6036-07-00.jpg",NA,"12/13/2019",2019-12-13,"10:03:30","Ok",FALSE,"","Left","Right","Right","Right",297,2019-12-13 10:03:30
"298","Affiliation 20191213 01___2019-12-13_10-03-34-5939-07-00.jpg",NA,"12/13/2019",2019-12-13,"10:03:36","Ok",FALSE,"","Left","Right","Left","Right",298,2019-12-13 10:03:36
"299","Affiliation 20191213 01___2019-12-13_10-03-39-5882-07-00.jpg",NA,"12/13/2019",2019-12-13,"10:03:40","Ok",FALSE,"","Left","Right","Neutral","Right",299,2019-12-13 10:03:40
"300","Affiliation 20191213 01___2019-12-13_10-03-44-5955-07-00.jpg",NA,"12/13/2019",2019-12-13,"10:03:46","Ok",FALSE,"","Left","Right","Right","Left",300,2019-12-13 10:03:46
"301","Affiliation 20191213 01___2019-12-13_10-03-49-5858-07-00.jpg",NA,"12/13/2019",2019-12-13,"10:03:50","Ok",FALSE,"","Left","Right","Right","Right",301,2019-12-13 10:03:50
"302","Affiliation 20191213 01___2019-12-13_10-03-54-6101-07-00.jpg",NA,"12/13/2019",2019-12-13,"10:03:56","Ok",FALSE,"","Left","Right","Neutral","Right",302,2019-12-13 10:03:56
"303","Affiliation 20191213 01___2019-12-13_10-03-59-5863-07-00.jpg",NA,"12/13/2019",2019-12-13,"10:04:00","Ok",FALSE,"","Left","Right","Left","Right",303,2019-12-13 10:04:00
"304","Affiliation 20191213 01___2019-12-13_10-04-04-6096-07-00.jpg",NA,"12/13/2019",2019-12-13,"10:04:06","Ok",FALSE,"","Left","Right","Left","Right",304,2019-12-13 10:04:06
"305","Affiliation 20191213 01___2019-12-13_10-04-09-6049-07-00.jpg",NA,"12/13/2019",2019-12-13,"10:04:10","Ok",FALSE,"","Left","Right","Right","Right",305,2019-12-13 10:04:10
"306","Affiliation 20191213 01___2019-12-13_10-04-14-6282-07-00.jpg",NA,"12/13/2019",2019-12-13,"10:04:16","Ok",FALSE,"","Left","Right","Neutral","Left",306,2019-12-13 10:04:16
"307","Affiliation 20191213 01___2019-12-13_10-04-19-6035-07-00.jpg",NA,"12/13/2019",2019-12-13,"10:04:20","Ok",FALSE,"","Left","Right","Left","Unknown",307,2019-12-13 10:04:20
"308","Affiliation 20191213 01___2019-12-13_10-04-24-5968-07-00.jpg",NA,"12/13/2019",2019-12-13,"10:04:26","Ok",FALSE,"","Left","Right","Left","Unknown",308,2019-12-13 10:04:26
"309","Affiliation 20191213 01___2019-12-13_10-04-29-6181-07-00.jpg",NA,"12/13/2019",2019-12-13,"10:04:30","Ok",FALSE,"","Left","Right","Left","Left",309,2019-12-13 10:04:30
"310","Affiliation 20191213 01___2019-12-13_10-04-34-5933-07-00.jpg",NA,"12/13/2019",2019-12-13,"10:04:36","Ok",FALSE,"","Left","Right","Left","Right",310,2019-12-13 10:04:36
"311","Affiliation 20191213 01___2019-12-13_10-04-39-6176-07-00.jpg",NA,"12/13/2019",2019-12-13,"10:04:40","Ok",FALSE,"","Left","Right","Left","Unknown",311,2019-12-13 10:04:40
"312","Affiliation 20191213 01___2019-12-13_10-04-44-6119-07-00.jpg",NA,"12/13/2019",2019-12-13,"10:04:46","Ok",FALSE,"","Left","Right","Left","Unknown",312,2019-12-13 10:04:46
"313","Affiliation 20191213 01___2019-12-13_10-04-49-6172-07-00.jpg",NA,"12/13/2019",2019-12-13,"10:04:50","Ok",FALSE,"","Left","Right","Neutral","Right",313,2019-12-13 10:04:50
"314","Affiliation 20191213 01___2019-12-13_10-04-54-6105-07-00.jpg",NA,"12/13/2019",2019-12-13,"10:04:56","Ok",FALSE,"","Left","Right","Neutral","Right",314,2019-12-13 10:04:56
"315","Affiliation 20191213 01___2019-12-13_10-04-59-6038-07-00.jpg",NA,"12/13/2019",2019-12-13,"10:05:00","Ok",FALSE,"","Left","Left","Right","Unknown",315,2019-12-13 10:05:00
"316","Affiliation 20191213 01___2019-12-13_10-05-04-6101-07-00.jpg",NA,"12/13/2019",2019-12-13,"10:05:06","Ok",FALSE,"","Left","Left","Right","Left",316,2019-12-13 10:05:06
"317","Affiliation 20191213 01___2019-12-13_10-05-09-6043-07-00.jpg",NA,"12/13/2019",2019-12-13,"10:05:10","Ok",FALSE,"","Left","Left","Right","Unknown",317,2019-12-13 10:05:10
"318","Affiliation 20191213 01___2019-12-13_10-05-14-6276-07-00.jpg",NA,"12/13/2019",2019-12-13,"10:05:16","Ok",FALSE,"","Left","Right","Right","Unknown",318,2019-12-13 10:05:16
"319","Affiliation 20191213 01___2019-12-13_10-05-19-6019-07-00.jpg",NA,"12/13/2019",2019-12-13,"10:05:20","Ok",FALSE,"","Left","Right","Right","Unknown",319,2019-12-13 10:05:20
"320","Affiliation 20191213 01___2019-12-13_10-05-24-5962-07-00.jpg",NA,"12/13/2019",2019-12-13,"10:05:26","Ok",FALSE,"","Left","Right","Right","Right",320,2019-12-13 10:05:26
"321","Affiliation 20191213 01___2019-12-13_10-05-29-6175-07-00.jpg",NA,"12/13/2019",2019-12-13,"10:05:30","Ok",FALSE,"","Left","Right","Right","Left",321,2019-12-13 10:05:30
"322","Affiliation 20191213 01___2019-12-13_10-05-34-5958-07-00.jpg",NA,"12/13/2019",2019-12-13,"10:05:36","Ok",FALSE,"","Left","Right","Right","Right",322,2019-12-13 10:05:36
"323","Affiliation 20191213 01___2019-12-13_10-05-39-6171-07-00.jpg",NA,"12/13/2019",2019-12-13,"10:05:40","Ok",FALSE,"","Left","Right","Right","Right",323,2019-12-13 10:05:40
"324","Affiliation 20191213 01___2019-12-13_10-05-44-6113-07-00.jpg",NA,"12/13/2019",2019-12-13,"10:05:46","Ok",FALSE,"","Left","Right","Right","Left",324,2019-12-13 10:05:46
"325","Affiliation 20191213 01___2019-12-13_10-05-49-6196-07-00.jpg",NA,"12/13/2019",2019-12-13,"10:05:50","Ok",FALSE,"","Left","Right","Right","Right",325,2019-12-13 10:05:50
"326","Affiliation 20191213 01___2019-12-13_10-05-54-6089-07-00.jpg",NA,"12/13/2019",2019-12-13,"10:05:56","Ok",FALSE,"","Left","Right","Right","Left",326,2019-12-13 10:05:56
"327","Affiliation 20191213 01___2019-12-13_10-05-59-6032-07-00.jpg",NA,"12/13/2019",2019-12-13,"10:06:00","Ok",FALSE,"","Left","Right","Right","Unknown",327,2019-12-13 10:06:00
"328","Affiliation 20191213 01___2019-12-13_10-06-04-6095-07-00.jpg",NA,"12/13/2019",2019-12-13,"10:06:06","Ok",FALSE,"","Left","Right","Right","Left",328,2019-12-13 10:06:06
"329","Affiliation 20191213 01___2019-12-13_10-06-09-6038-07-00.jpg",NA,"12/13/2019",2019-12-13,"10:06:10","Ok",FALSE,"","Left","Right","Right","Left",329,2019-12-13 10:06:10
"330","Affiliation 20191213 01___2019-12-13_10-06-14-5951-07-00.jpg",NA,"12/13/2019",2019-12-13,"10:06:16","Ok",FALSE,"","Left","Right","Right","Neutral",330,2019-12-13 10:06:16
"331","Affiliation 20191213 01___2019-12-13_10-06-19-6003-07-00.jpg",NA,"12/13/2019",2019-12-13,"10:06:20","Ok",FALSE,"","Left","Right","Right","Neutral",331,2019-12-13 10:06:20
"332","Affiliation 20191213 01___2019-12-13_10-06-24-5956-07-00.jpg",NA,"12/13/2019",2019-12-13,"10:06:26","Ok",FALSE,"","Left","Right","Right","Neutral",332,2019-12-13 10:06:26
"333","Affiliation 20191213 01___2019-12-13_10-06-29-6199-07-00.jpg",NA,"12/13/2019",2019-12-13,"10:06:30","Ok",FALSE,"","Left","Right","Right","Neutral",333,2019-12-13 10:06:30
"334","Affiliation 20191213 01___2019-12-13_10-06-34-6402-07-00.jpg",NA,"12/13/2019",2019-12-13,"10:06:36","Ok",FALSE,"","Left","Right","Right","Unknown",334,2019-12-13 10:06:36
"335","Affiliation 20191213 01___2019-12-13_10-06-39-6195-07-00.jpg",NA,"12/13/2019",2019-12-13,"10:06:40","Ok",FALSE,"","Left","Right","Right","Unknown",335,2019-12-13 10:06:40
"336","Affiliation 20191213 01___2019-12-13_10-06-44-6108-07-00.jpg",NA,"12/13/2019",2019-12-13,"10:06:46","Ok",FALSE,"","Left","Right","Right","Unknown",336,2019-12-13 10:06:46
"337","Affiliation 20191213 01___2019-12-13_10-06-49-6331-07-00.jpg",NA,"12/13/2019",2019-12-13,"10:06:50","Ok",FALSE,"","Left","Right","Right","Unknown",337,2019-12-13 10:06:50
"338","Affiliation 20191213 01___2019-12-13_10-06-54-6113-07-00.jpg",NA,"12/13/2019",2019-12-13,"10:06:56","Ok",FALSE,"","Left","Right","Right","Unknown",338,2019-12-13 10:06:56
"339","Affiliation 20191213 01___2019-12-13_10-06-59-6006-07-00.jpg",NA,"12/13/2019",2019-12-13,"10:07:00","Ok",FALSE,"","Left","Right","Right","Unknown",339,2019-12-13 10:07:00
"340","Affiliation 20191213 01___2019-12-13_10-07-04-6079-07-00.jpg",NA,"12/13/2019",2019-12-13,"10:07:06","Ok",FALSE,"","Left","Right","Right","Unknown",340,2019-12-13 10:07:06
"341","Affiliation 20191213 01___2019-12-13_10-07-09-6022-07-00.jpg",NA,"12/13/2019",2019-12-13,"10:07:10","Ok",FALSE,"","Left","Right","Right","Left",341,2019-12-13 10:07:10
"342","Affiliation 20191213 01___2019-12-13_10-07-14-6235-07-00.jpg",NA,"12/13/2019",2019-12-13,"10:07:16","Ok",FALSE,"","Left","Right","Right","Left",342,2019-12-13 10:07:16
"343","Affiliation 20191213 01___2019-12-13_10-07-19-6008-07-00.jpg",NA,"12/13/2019",2019-12-13,"10:07:20","Ok",FALSE,"","Left","Right","Right","Left",343,2019-12-13 10:07:20
"344","Affiliation 20191213 01___2019-12-13_10-07-24-6271-07-00.jpg",NA,"12/13/2019",2019-12-13,"10:07:26","Ok",FALSE,"","Right","Right","Right","Left",344,2019-12-13 10:07:26
"345","Affiliation 20191213 01___2019-12-13_10-07-29-6164-07-00.jpg",NA,"12/13/2019",2019-12-13,"10:07:30","Ok",FALSE,"","Right","Right","Right","Left",345,2019-12-13 10:07:30
"346","Affiliation 20191213 01___2019-12-13_10-07-34-6426-07-00.jpg",NA,"12/13/2019",2019-12-13,"10:07:36","Ok",FALSE,"","Right","Right","Right","Left",346,2019-12-13 10:07:36
"347","Affiliation 20191213 01___2019-12-13_10-07-39-6159-07-00.jpg",NA,"12/13/2019",2019-12-13,"10:07:40","Ok",FALSE,"","Right","Right","Right","Right",347,2019-12-13 10:07:40
"348","Affiliation 20191213 01___2019-12-13_10-07-44-6092-07-00.jpg",NA,"12/13/2019",2019-12-13,"10:07:46","Ok",FALSE,"","Right","Right","Right","Neutral",348,2019-12-13 10:07:46
"349","Affiliation 20191213 01___2019-12-13_10-07-49-6345-07-00.jpg",NA,"12/13/2019",2019-12-13,"10:07:50","Ok",FALSE,"","Right","Right","Right","Right",349,2019-12-13 10:07:50
"350","Affiliation 20191213 01___2019-12-13_10-07-54-6108-07-00.jpg",NA,"12/13/2019",2019-12-13,"10:07:56","Ok",FALSE,"","Right","Right","Right","Left",350,2019-12-13 10:07:56
"351","Affiliation 20191213 01___2019-12-13_10-07-59-6001-07-00.jpg",NA,"12/13/2019",2019-12-13,"10:08:00","Ok",FALSE,"","Right","Right","Right","Left",351,2019-12-13 10:08:00
"352","Affiliation 20191213 01___2019-12-13_10-08-04-6234-07-00.jpg",NA,"12/13/2019",2019-12-13,"10:08:06","Ok",FALSE,"","Right","Right","Right","Left",352,2019-12-13 10:08:06
"353","Affiliation 20191213 01___2019-12-13_10-08-09-6316-07-00.jpg",NA,"12/13/2019",2019-12-13,"10:08:10","Ok",FALSE,"","Right","Right","Right","Left",353,2019-12-13 10:08:10
"354","Affiliation 20191213 01___2019-12-13_10-08-14-6269-07-00.jpg",NA,"12/13/2019",2019-12-13,"10:08:16","Ok",FALSE,"","Right","Right","Right","Unknown",354,2019-12-13 10:08:16
"355","Affiliation 20191213 01___2019-12-13_10-08-19-6182-07-00.jpg",NA,"12/13/2019",2019-12-13,"10:08:20","Ok",FALSE,"","Right","Right","Right","Unknown",355,2019-12-13 10:08:20
"356","Affiliation 20191213 01___2019-12-13_10-08-24-6255-07-00.jpg",NA,"12/13/2019",2019-12-13,"10:08:26","Ok",FALSE,"","Right","Right","Right","Left",356,2019-12-13 10:08:26
"357","Affiliation 20191213 01___2019-12-13_10-08-29-6158-07-00.jpg",NA,"12/13/2019",2019-12-13,"10:08:30","Ok",FALSE,"","Right","Neutral","Right","Unknown",357,2019-12-13 10:08:30
"358","Affiliation 20191213 01___2019-12-13_10-08-34-6101-07-00.jpg",NA,"12/13/2019",2019-12-13,"10:08:36","Ok",FALSE,"","Right","Neutral","Right","Right",358,2019-12-13 10:08:36
"359","Affiliation 20191213 01___2019-12-13_10-08-39-6164-07-00.jpg",NA,"12/13/2019",2019-12-13,"10:08:40","Ok",FALSE,"","Right","Left","Right","Right",359,2019-12-13 10:08:40
"360","Affiliation 20191213 01___2019-12-13_10-08-44-6076-07-00.jpg",NA,"12/13/2019",2019-12-13,"10:08:46","Ok",FALSE,"","Right","Left","Right","Right",360,2019-12-13 10:08:46
"361","Affiliation 20191213 01___2019-12-13_10-08-49-6319-07-00.jpg",NA,"12/13/2019",2019-12-13,"10:08:50","Ok",FALSE,"","Right","Left","Right","Right",361,2019-12-13 10:08:50
"362","Affiliation 20191213 01___2019-12-13_10-08-54-6102-07-00.jpg",NA,"12/13/2019",2019-12-13,"10:08:56","Ok",FALSE,"","Right","","Right","Unknown",362,2019-12-13 10:08:56
"363","Affiliation 20191213 01___2019-12-13_10-08-59-6325-07-00.jpg",NA,"12/13/2019",2019-12-13,"10:09:00","Ok",FALSE,"","Neutral","Left","Right","Unknown",363,2019-12-13 10:09:00
"364","Affiliation 20191213 01___2019-12-13_10-09-04-6268-07-00.jpg",NA,"12/13/2019",2019-12-13,"10:09:06","Ok",FALSE,"","Left","Left","Right","Right",364,2019-12-13 10:09:06
"365","Affiliation 20191213 01___2019-12-13_10-09-09-6331-07-00.jpg",NA,"12/13/2019",2019-12-13,"10:09:10","Ok",FALSE,"","Left","Right","Right","Right",365,2019-12-13 10:09:10
"366","Affiliation 20191213 01___2019-12-13_10-09-14-6254-07-00.jpg",NA,"12/13/2019",2019-12-13,"10:09:16","Ok",FALSE,"","Left","Right","Right","Unknown",366,2019-12-13 10:09:16
"367","Affiliation 20191213 01___2019-12-13_10-09-19-6176-07-00.jpg",NA,"12/13/2019",2019-12-13,"10:09:20","Ok",FALSE,"","Left","Right","Right","Left",367,2019-12-13 10:09:20
"368","Affiliation 20191213 01___2019-12-13_10-09-24-6269-07-00.jpg",NA,"12/13/2019",2019-12-13,"10:09:26","Ok",FALSE,"","Left","Right","Right","Right",368,2019-12-13 10:09:26
"369","Affiliation 20191213 01___2019-12-13_10-09-29-6152-07-00.jpg",NA,"12/13/2019",2019-12-13,"10:09:30","Ok",FALSE,"","Left","Right","Right","Right",369,2019-12-13 10:09:30
"370","Affiliation 20191213 01___2019-12-13_10-09-34-6085-07-00.jpg",NA,"12/13/2019",2019-12-13,"10:09:36","Ok",FALSE,"","Left","Right","Right","Right",370,2019-12-13 10:09:36
"371","Affiliation 20191213 01___2019-12-13_10-09-39-6158-07-00.jpg",NA,"12/13/2019",2019-12-13,"10:09:40","Ok",FALSE,"","Left","Right","Right","Left",371,2019-12-13 10:09:40
"372","Affiliation 20191213 01___2019-12-13_10-09-44-6071-07-00.jpg",NA,"12/13/2019",2019-12-13,"10:09:46","Ok",FALSE,"","Left","Right","Right","Unknown",372,2019-12-13 10:09:46
"373","Affiliation 20191213 01___2019-12-13_10-09-49-6314-07-00.jpg",NA,"12/13/2019",2019-12-13,"10:09:50","Ok",FALSE,"","Left","Right","Right","Right",373,2019-12-13 10:09:50
"374","Affiliation 20191213 01___2019-12-13_10-09-54-6096-07-00.jpg",NA,"12/13/2019",2019-12-13,"10:09:56","Ok",FALSE,"","Neutral","Right","Right","Right",374,2019-12-13 10:09:56
"375","Affiliation 20191213 01___2019-12-13_10-09-59-6339-07-00.jpg",NA,"12/13/2019",2019-12-13,"10:10:00","Ok",FALSE,"","Right","Right","Right","Neutral",375,2019-12-13 10:10:00
"376","Affiliation 20191213 01___2019-12-13_10-10-04-6242-07-00.jpg",NA,"12/13/2019",2019-12-13,"10:10:06","Ok",FALSE,"","Right","Right","Right","Neutral",376,2019-12-13 10:10:06
"377","Affiliation 20191213 01___2019-12-13_10-10-09-6495-07-00.jpg",NA,"12/13/2019",2019-12-13,"10:10:10","Ok",FALSE,"","Right","Right","Right","Right",377,2019-12-13 10:10:10
"378","Affiliation 20191213 01___2019-12-13_10-10-14-6258-07-00.jpg",NA,"12/13/2019",2019-12-13,"10:10:16","Ok",FALSE,"","Right","Right","Right","Right",378,2019-12-13 10:10:16
"379","Affiliation 20191213 01___2019-12-13_10-10-19-6211-07-00.jpg",NA,"12/13/2019",2019-12-13,"10:10:20","Ok",FALSE,"","Right","Right","Right","Right",379,2019-12-13 10:10:20
"380","Affiliation 20191213 01___2019-12-13_10-10-24-6384-07-00.jpg",NA,"12/13/2019",2019-12-13,"10:10:26","Ok",FALSE,"","Right","Right","Neutral","Right",380,2019-12-13 10:10:26
"381","Affiliation 20191213 01___2019-12-13_10-10-29-6176-07-00.jpg",NA,"12/13/2019",2019-12-13,"10:10:30","Ok",FALSE,"","Right","Right","Neutral","Right",381,2019-12-13 10:10:30
"382","Affiliation 20191213 01___2019-12-13_10-10-34-6379-07-00.jpg",NA,"12/13/2019",2019-12-13,"10:10:36","Ok",FALSE,"","Right","Right","Left","Right",382,2019-12-13 10:10:36
"383","Affiliation 20191213 01___2019-12-13_10-10-39-6332-07-00.jpg",NA,"12/13/2019",2019-12-13,"10:10:40","Ok",FALSE,"","Right","Right","Unknown","Right",383,2019-12-13 10:10:40
"384","Affiliation 20191213 01___2019-12-13_10-10-44-6095-07-00.jpg",NA,"12/13/2019",2019-12-13,"10:10:46","Ok",FALSE,"","Right","Right","Unknown","Right",384,2019-12-13 10:10:46
"385","Affiliation 20191213 01___2019-12-13_10-10-49-6308-07-00.jpg",NA,"12/13/2019",2019-12-13,"10:10:50","Ok",FALSE,"","Right","Right","Unknown","Right",385,2019-12-13 10:10:50
"386","Affiliation 20191213 01___2019-12-13_10-10-54-6581-07-00.jpg",NA,"12/13/2019",2019-12-13,"10:10:56","Ok",FALSE,"","Right","Right","Unknown","Neutral",386,2019-12-13 10:10:56
"387","Affiliation 20191213 01___2019-12-13_10-10-59-6334-07-00.jpg",NA,"12/13/2019",2019-12-13,"10:11:00","Ok",FALSE,"","Right","Right","Right","Right",387,2019-12-13 10:11:00
"388","Affiliation 20191213 01___2019-12-13_10-11-04-6256-07-00.jpg",NA,"12/13/2019",2019-12-13,"10:11:06","Ok",FALSE,"","Right","Right","Right","Right",388,2019-12-13 10:11:06
"389","Affiliation 20191213 01___2019-12-13_10-11-09-6499-07-00.jpg",NA,"12/13/2019",2019-12-13,"10:11:10","Ok",FALSE,"","Right","Right","Right","Right",389,2019-12-13 10:11:10
"390","Affiliation 20191213 01___2019-12-13_10-11-14-6252-07-00.jpg",NA,"12/13/2019",2019-12-13,"10:11:16","Ok",FALSE,"","Right","Right","Right","Left",390,2019-12-13 10:11:16
"391","Affiliation 20191213 01___2019-12-13_10-11-19-6175-07-00.jpg",NA,"12/13/2019",2019-12-13,"10:11:20","Ok",FALSE,"","Right","Right","Right","Left",391,2019-12-13 10:11:20
"392","Affiliation 20191213 01___2019-12-13_10-11-24-6388-07-00.jpg",NA,"12/13/2019",2019-12-13,"10:11:26","Ok",FALSE,"","Right","Right","Right","Right",392,2019-12-13 10:11:26
"393","Affiliation 20191213 01___2019-12-13_10-11-29-6171-07-00.jpg",NA,"12/13/2019",2019-12-13,"10:11:30","Ok",FALSE,"","Right","Right","Right","Right",393,2019-12-13 10:11:30
"394","Affiliation 20191213 01___2019-12-13_10-11-34-6384-07-00.jpg",NA,"12/13/2019",2019-12-13,"10:11:36","Ok",FALSE,"","Right","Right","Right","Right",394,2019-12-13 10:11:36
"395","Affiliation 20191213 01___2019-12-13_10-11-39-6297-07-00.jpg",NA,"12/13/2019",2019-12-13,"10:11:40","Ok",FALSE,"","Right","Right","Right","Right",395,2019-12-13 10:11:40
"396","Affiliation 20191213 01___2019-12-13_10-11-44-6389-07-00.jpg",NA,"12/13/2019",2019-12-13,"10:11:46","Ok",FALSE,"","Right","Right","Right","Right",396,2019-12-13 10:11:46
"397","Affiliation 20191213 01___2019-12-13_10-11-49-6292-07-00.jpg",NA,"12/13/2019",2019-12-13,"10:11:50","Ok",FALSE,"","Right","Right","Right","Right",397,2019-12-13 10:11:50
"398","Affiliation 20191213 01___2019-12-13_10-11-54-6245-07-00.jpg",NA,"12/13/2019",2019-12-13,"10:11:56","Ok",FALSE,"","Right","Right","Right","Right",398,2019-12-13 10:11:56
"399","Affiliation 20191213 01___2019-12-13_10-11-59-6298-07-00.jpg",NA,"12/13/2019",2019-12-13,"10:12:00","Ok",FALSE,"","Right","Right","Right","Right",399,2019-12-13 10:12:00
"400","Affiliation 20191213 01___2019-12-13_10-12-04-6211-07-00.jpg",NA,"12/13/2019",2019-12-13,"10:12:06","Ok",FALSE,"","Right","Right","Right","Right",400,2019-12-13 10:12:06
"401","Affiliation 20191213 01___2019-12-13_10-12-09-6174-07-00.jpg",NA,"12/13/2019",2019-12-13,"10:12:10","Ok",FALSE,"","Right","Right","Right","Right",401,2019-12-13 10:12:10
"402","Affiliation 20191213 01___2019-12-13_10-12-14-6247-07-00.jpg",NA,"12/13/2019",2019-12-13,"10:12:16","Ok",FALSE,"","Right","Right","Right","Right",402,2019-12-13 10:12:16
"403","Affiliation 20191213 01___2019-12-13_10-12-19-6489-07-00.jpg",NA,"12/13/2019",2019-12-13,"10:12:20","Ok",FALSE,"","Right","Right","Right","Right",403,2019-12-13 10:12:20
"404","Affiliation 20191213 01___2019-12-13_10-12-24-6382-07-00.jpg",NA,"12/13/2019",2019-12-13,"10:12:26","Ok",FALSE,"","Right","Right","Right","Right",404,2019-12-13 10:12:26
"405","Affiliation 20191213 01___2019-12-13_10-12-29-6165-07-00.jpg",NA,"12/13/2019",2019-12-13,"10:12:30","Ok",FALSE,"","Right","Right","Right","Right",405,2019-12-13 10:12:30
"406","Affiliation 20191213 01___2019-12-13_10-12-34-6408-07-00.jpg",NA,"12/13/2019",2019-12-13,"10:12:36","Ok",FALSE,"","Right","Right","Right","Right",406,2019-12-13 10:12:36
"407","Affiliation 20191213 01___2019-12-13_10-12-39-6311-07-00.jpg",NA,"12/13/2019",2019-12-13,"10:12:40","Ok",FALSE,"","Right","Right","Right","Right",407,2019-12-13 10:12:40
"408","Affiliation 20191213 01___2019-12-13_10-12-44-6394-07-00.jpg",NA,"12/13/2019",2019-12-13,"10:12:46","Ok",FALSE,"","Right","Right","Right","Right",408,2019-12-13 10:12:46
"409","Affiliation 20191213 01___2019-12-13_10-12-49-6327-07-00.jpg",NA,"12/13/2019",2019-12-13,"10:12:50","Ok",FALSE,"","Right","Right","Right","Right",409,2019-12-13 10:12:50
"410","Affiliation 20191213 01___2019-12-13_10-12-54-6249-07-00.jpg",NA,"12/13/2019",2019-12-13,"10:12:56","Ok",FALSE,"","Right","Right","Right","Right",410,2019-12-13 10:12:56
"411","Affiliation 20191213 01___2019-12-13_10-12-59-6302-07-00.jpg",NA,"12/13/2019",2019-12-13,"10:13:00","Ok",FALSE,"","Right","Right","Right","Right",411,2019-12-13 10:13:00
"412","Affiliation 20191213 01___2019-12-13_10-13-04-6215-07-00.jpg",NA,"12/13/2019",2019-12-13,"10:13:06","Ok",FALSE,"","Right","Right","Right","Right",412,2019-12-13 10:13:06
"413","Affiliation 20191213 01___2019-12-13_10-13-09-6468-07-00.jpg",NA,"12/13/2019",2019-12-13,"10:13:10","Ok",FALSE,"","Right","Right","Right","Right",413,2019-12-13 10:13:10
"414","Affiliation 20191213 01___2019-12-13_10-13-14-6221-07-00.jpg",NA,"12/13/2019",2019-12-13,"10:13:16","Ok",FALSE,"","Right","Right","Right","Right",414,2019-12-13 10:13:16
"415","Affiliation 20191213 01___2019-12-13_10-13-19-6484-07-00.jpg",NA,"12/13/2019",2019-12-13,"10:13:20","Ok",FALSE,"","Right","Neutral","Right","Right",415,2019-12-13 10:13:20
"416","Affiliation 20191213 01___2019-12-13_10-13-24-6377-07-00.jpg",NA,"12/13/2019",2019-12-13,"10:13:26","Ok",FALSE,"","Right","Neutral","Right","Right",416,2019-12-13 10:13:26
"417","Affiliation 20191213 01___2019-12-13_10-13-29-6639-07-00.jpg",NA,"12/13/2019",2019-12-13,"10:13:30","Ok",FALSE,"","Right","Neutral","Right","Right",417,2019-12-13 10:13:30
"418","Affiliation 20191213 01___2019-12-13_10-13-34-6402-07-00.jpg",NA,"12/13/2019",2019-12-13,"10:13:36","Ok",FALSE,"","Right","Neutral","Right","Right",418,2019-12-13 10:13:36
"419","Affiliation 20191213 01___2019-12-13_10-13-39-6305-07-00.jpg",NA,"12/13/2019",2019-12-13,"10:13:40","Ok",FALSE,"","Right","Right","Right","Right",419,2019-12-13 10:13:40
"420","Affiliation 20191213 01___2019-12-13_10-13-44-6558-07-00.jpg",NA,"12/13/2019",2019-12-13,"10:13:46","Ok",FALSE,"","Right","Right","Right","Right",420,2019-12-13 10:13:46
"421","Affiliation 20191213 01___2019-12-13_10-13-49-6321-07-00.jpg",NA,"12/13/2019",2019-12-13,"10:13:50","Ok",FALSE,"","Right","Right","Right","Right",421,2019-12-13 10:13:50
"422","Affiliation 20191213 01___2019-12-13_10-13-54-6224-07-00.jpg",NA,"12/13/2019",2019-12-13,"10:13:56","Ok",FALSE,"","Right","Right","Right","Right",422,2019-12-13 10:13:56
"423","Affiliation 20191213 01___2019-12-13_10-13-59-6457-07-00.jpg",NA,"12/13/2019",2019-12-13,"10:14:00","Ok",FALSE,"","Right","Right","Right","Right",423,2019-12-13 10:14:00
"424","Affiliation 20191213 01___2019-12-13_10-14-04-6239-07-00.jpg",NA,"12/13/2019",2019-12-13,"10:14:06","Ok",FALSE,"","Right","Right","Right","Right",424,2019-12-13 10:14:06
"425","Affiliation 20191213 01___2019-12-13_10-14-09-6482-07-00.jpg",NA,"12/13/2019",2019-12-13,"10:14:10","Ok",FALSE,"","Right","Right","Right","Right",425,2019-12-13 10:14:10
"426","Affiliation 20191213 01___2019-12-13_10-14-14-6405-07-00.jpg",NA,"12/13/2019",2019-12-13,"10:14:16","Ok",FALSE,"","Right","Right","Right","Right",426,2019-12-13 10:14:16
"427","Affiliation 20191213 01___2019-12-13_10-14-19-6488-07-00.jpg",NA,"12/13/2019",2019-12-13,"10:14:20","Ok",FALSE,"","Right","Right","Right","Right",427,2019-12-13 10:14:20
"428","Affiliation 20191213 01___2019-12-13_10-14-24-6371-07-00.jpg",NA,"12/13/2019",2019-12-13,"10:14:26","Ok",FALSE,"","Right","Right","Right","Right",428,2019-12-13 10:14:26
"429","Affiliation 20191213 01___2019-12-13_10-14-29-6324-07-00.jpg",NA,"12/13/2019",2019-12-13,"10:14:30","Ok",FALSE,"","Right","Left","Right","Right",429,2019-12-13 10:14:30
"430","Affiliation 20191213 01___2019-12-13_10-14-34-6377-07-00.jpg",NA,"12/13/2019",2019-12-13,"10:14:36","Ok",FALSE,"","Right","Right","Right","Right",430,2019-12-13 10:14:36
"431","Affiliation 20191213 01___2019-12-13_10-14-39-6369-07-00.jpg",NA,"12/13/2019",2019-12-13,"10:14:40","Ok",FALSE,"","Right","Right","Right","Left",431,2019-12-13 10:14:40
"432","Affiliation 20191213 01___2019-12-13_10-14-44-6562-07-00.jpg",NA,"12/13/2019",2019-12-13,"10:14:46","Ok",FALSE,"","Right","Right","Right","Left",432,2019-12-13 10:14:46
"433","Affiliation 20191213 01___2019-12-13_10-14-49-6305-07-00.jpg",NA,"12/13/2019",2019-12-13,"10:14:50","Ok",FALSE,"","Right","Right","Right","Left",433,2019-12-13 10:14:50
"434","Affiliation 20191213 01___2019-12-13_10-14-54-6538-07-00.jpg",NA,"12/13/2019",2019-12-13,"10:14:56","Ok",FALSE,"","Right","Right","Right","Left",434,2019-12-13 10:14:56
"435","Affiliation 20191213 01___2019-12-13_10-14-59-6481-07-00.jpg",NA,"12/13/2019",2019-12-13,"10:15:00","Ok",FALSE,"","Right","Right","Right","Neutral",435,2019-12-13 10:15:00
"436","Affiliation 20191213 01___2019-12-13_10-15-04-6564-07-00.jpg",NA,"12/13/2019",2019-12-13,"10:15:06","Ok",FALSE,"","Right","Right","Right","Right",436,2019-12-13 10:15:06
"437","Affiliation 20191213 01___2019-12-13_10-15-09-6477-07-00.jpg",NA,"12/13/2019",2019-12-13,"10:15:10","Ok",FALSE,"","Right","Right","Right","Right",437,2019-12-13 10:15:10
"438","Affiliation 20191213 01___2019-12-13_10-15-14-6399-07-00.jpg",NA,"12/13/2019",2019-12-13,"10:15:16","Ok",FALSE,"","Right","Right","Right","Right",438,2019-12-13 10:15:16
"439","Affiliation 20191213 01___2019-12-13_10-15-19-6462-07-00.jpg",NA,"12/13/2019",2019-12-13,"10:15:20","Ok",FALSE,"","Right","Right","Right","Right",439,2019-12-13 10:15:20
"440","Affiliation 20191213 01___2019-12-13_10-15-24-6365-07-00.jpg",NA,"12/13/2019",2019-12-13,"10:15:26","Ok",FALSE,"","Right","Right","Right","Right",440,2019-12-13 10:15:26
"441","Affiliation 20191213 01___2019-12-13_10-15-29-6318-07-00.jpg",NA,"12/13/2019",2019-12-13,"10:15:30","Ok",FALSE,"","Right","Right","Right","Right",441,2019-12-13 10:15:30
"442","Affiliation 20191213 01___2019-12-13_10-15-34-6371-07-00.jpg",NA,"12/13/2019",2019-12-13,"10:15:36","Ok",FALSE,"trial end","Right","Right","Right","Right",442,2019-12-13 10:15:36
